date,symbol,side,price,qty,reason
2019-02-07,ENDURANCE.NS,BUY,1239.95,733,ADX=59.5
2019-02-07,HAVELLS.NS,BUY,748.15,1,ADX=37.2
2019-02-07,HINDUNILVR.NS,BUY,1839.05,49,ADX=56.3
2019-02-07,MANAPPURAM.NS,BUY,104.05,2,ADX=36.9
2019-02-12,BANDHANBNK.NS,BUY,471.8,1,ADX=42.3
2019-02-12,HAVELLS.NS,SELL,707.0,1,STOP
2019-02-14,BALRAMCHIN.NS,BUY,117.7,1,ADX=31.2
2019-02-14,HINDUNILVR.NS,SELL,1785.05,49,RULE
2019-02-14,MPHASIS.NS,BUY,1048.65,83,ADX=39.3
2019-02-14,UPL.NS,BUY,547.37,1,ADX=32.2
2019-02-22,SUZLON.NS,BUY,5.28,8,ADX=72.2
2019-02-25,MOTHERSON.NS,BUY,43.5,1,ADX=37.4
2019-02-25,SUZLON.NS,SELL,4.99,8,STOP
2019-03-06,ENDURANCE.NS,SELL,1171.75,733,STOP
2019-03-06,JPPOWER.NS,BUY,2.25,28,ADX=47.1
2019-03-06,MPHASIS.NS,SELL,990.97,83,STOP
2019-03-06,MRPL.NS,BUY,71.05,1184,ADX=55.0
2019-03-06,SUZLON.NS,BUY,7.25,118138,ADX=59.9
2019-03-07,AAVAS.NS,BUY,1226.2,1,ADX=50.0
2019-03-07,JSWHL.NS,BUY,2738.95,295,ADX=50.1
2019-03-07,SARDAEN.NS,BUY,31.67,19,ADX=38.4
2019-03-07,SUZLON.NS,SELL,6.85,118138,STOP
2019-03-13,JPPOWER.NS,SELL,2.13,28,STOP
2019-03-13,NMDC.NS,BUY,29.17,2,ADX=42.5
2019-03-15,AAVAS.NS,SELL,1158.76,1,STOP
2019-03-15,FINCABLES.NS,BUY,487.6,2,ADX=57.7
2019-03-18,JUSTDIAL.NS,BUY,663.1,1,ADX=44.8
2019-03-18,SARDAEN.NS,SELL,29.92,19,STOP
2019-03-19,J&KBANK.NS,BUY,51.1,14,ADX=49.0
2019-03-19,JUSTDIAL.NS,SELL,626.63,1,STOP
2019-03-22,MOTHERSON.NS,SELL,41.1,1,STOP
2019-03-22,NMDC.NS,SELL,27.57,2,STOP
2019-03-25,DRREDDY.NS,BUY,556.19,1,ADX=33.0
2019-03-25,J&KBANK.NS,SELL,48.29,14,STOP
2019-03-25,PGEL.NS,BUY,9.06,25,ADX=28.8
2019-03-26,GMRAIRPORT.NS,BUY,17.52,4,ADX=31.0
2019-03-26,NTPC.NS,BUY,140.8,1,ADX=36.7
2019-03-26,PGEL.NS,SELL,8.57,25,STOP
2019-04-03,FINCABLES.NS,SELL,460.78,2,STOP
2019-04-03,NAVINFLUOR.NS,BUY,765.85,1,ADX=50.3
2019-04-04,MRPL.NS,SELL,70.55,1184,RULE
2019-04-04,SRF.NS,BUY,496.98,168,ADX=44.9
2019-04-08,GMRAIRPORT.NS,SELL,16.56,4,STOP
2019-04-08,TANLA.NS,BUY,43.45,6,ADX=34.0
2019-04-09,INTELLECT.NS,BUY,228.8,3,ADX=39.9
2019-04-09,NAVINFLUOR.NS,SELL,723.73,1,STOP
2019-04-23,JPPOWER.NS,BUY,2.85,100,ADX=35.6
2019-04-23,TANLA.NS,SELL,41.06,6,STOP
2019-04-24,MAHABANK.NS,BUY,18.0,7,ADX=38.1
2019-04-24,NTPC.NS,SELL,133.06,1,STOP
2019-04-30,GSPL.NS,BUY,199.9,1,ADX=37.0
2019-04-30,MANAPPURAM.NS,SELL,117.95,2,RULE
2019-05-02,GRSE.NS,BUY,117.55,1,ADX=30.3
2019-05-02,MAHABANK.NS,SELL,17.01,7,STOP
2019-05-03,GRSE.NS,SELL,111.08,1,STOP
2019-05-03,GSPL.NS,SELL,188.91,1,STOP
2019-05-03,HDFCBANK.NS,BUY,591.99,1,ADX=28.7
2019-05-03,INTELLECT.NS,SELL,216.22,3,STOP
2019-05-03,TRENT.NS,BUY,384.25,1,ADX=20.3
2019-05-09,DCMSHRIRAM.NS,BUY,494.2,164,ADX=36.8
2019-05-09,SRF.NS,SELL,484.73,168,RULE
2019-05-13,ATUL.NS,BUY,3626.35,21,ADX=25.4
2019-05-13,BALRAMCHIN.NS,SELL,136.25,1,RULE
2019-05-13,DCMSHRIRAM.NS,SELL,467.02,164,STOP
2019-05-13,DRREDDY.NS,SELL,560.55,1,RULE
2019-05-13,TRENT.NS,SELL,363.12,1,STOP
2019-05-14,BANDHANBNK.NS,SELL,542.8,1,RULE
2019-05-14,JSWHL.NS,SELL,2856.7,295,RULE
2019-05-15,DCMSHRIRAM.NS,BUY,525.8,1599,ADX=36.9
2019-05-15,SRF.NS,BUY,551.49,8,ADX=23.3
2019-05-17,JPPOWER.NS,SELL,2.69,100,STOP
2019-05-17,TATACONSUM.NS,BUY,235.4,1,ADX=23.7
2019-05-20,BEL.NS,BUY,33.1,1,ADX=18.2
2019-05-30,TTML.NS,BUY,3.59,1,ADX=22.2
2019-06-14,DCMSHRIRAM.NS,SELL,503.15,1599,RULE
2019-06-14,HDFCAMC.NS,BUY,1936.45,415,ADX=44.7
2019-06-14,RITES.NS,BUY,117.6,7,ADX=28.2
2019-06-17,UCOBANK.NS,BUY,18.8,4,ADX=37.6
2019-06-18,HDFCAMC.NS,SELL,1829.95,415,STOP
2019-06-18,REDINGTON.NS,BUY,54.62,13902,ADX=31.1
2019-06-19,POWERGRID.NS,BUY,112.67,12,ADX=18.6
2019-06-19,RITES.NS,SELL,111.13,7,STOP
2019-06-19,TTML.NS,SELL,3.39,1,STOP
2019-06-19,UPL.NS,SELL,633.53,1,RULE
2019-06-20,MOTHERSON.NS,BUY,34.93,5,ADX=23.6
2019-06-20,UCOBANK.NS,SELL,17.77,4,STOP
2019-06-24,MOTHERSON.NS,SELL,33.01,5,STOP
2019-06-24,TANLA.NS,BUY,70.15,2,ADX=43.4
2019-06-26,NMDC.NS,BUY,28.79,1,ADX=26.2
2019-06-26,PFC.NS,BUY,109.16,1,ADX=44.8
2019-06-26,TANLA.NS,SELL,66.29,2,STOP
2019-07-01,FINPIPE.NS,BUY,105.75,1,ADX=52.2
2019-07-01,PFC.NS,SELL,103.16,1,STOP
2019-07-05,REDINGTON.NS,SELL,51.62,13902,STOP
2019-07-05,UCOBANK.NS,BUY,19.6,36614,ADX=37.0
2019-07-08,BEL.NS,SELL,33.73,1,RULE
2019-07-08,DCMSHRIRAM.NS,BUY,579.4,9,ADX=25.9
2019-07-08,HDFCBANK.NS,SELL,602.4,1,RULE
2019-07-08,NMDC.NS,SELL,27.2,1,STOP
2019-07-08,SRF.NS,SELL,576.12,8,RULE
2019-07-09,ADANIPOWER.NS,BUY,67.15,1294,ADX=33.6
2019-07-09,ATUL.NS,SELL,3901.1,21,RULE
2019-07-09,DCMSHRIRAM.NS,SELL,547.53,9,STOP
2019-07-09,SJVN.NS,BUY,25.7,1,ADX=25.2
2019-07-10,ADANIPOWER.NS,SELL,63.46,1294,STOP
2019-07-10,FINPIPE.NS,SELL,99.93,1,STOP
2019-07-10,TATACONSUM.NS,SELL,251.65,1,RULE
2019-07-11,HFCL.NS,BUY,21.45,3844,ADX=21.1
2019-07-12,INTELLECT.NS,BUY,280.55,2417,ADX=44.9
2019-07-12,UCOBANK.NS,SELL,18.52,36614,STOP
2019-07-18,CANFINHOME.NS,BUY,390.25,1677,ADX=28.2
2019-07-18,COLPAL.NS,BUY,1203.65,1,ADX=19.7
2019-07-18,HDFCAMC.NS,BUY,2170.0,29,ADX=26.0
2019-07-18,HFCL.NS,SELL,20.27,3844,STOP
2019-07-18,INTELLECT.NS,SELL,265.12,2417,STOP
2019-07-19,SJVN.NS,SELL,24.65,1,RULE
2019-07-24,ASIANPAINT.NS,BUY,1483.4,40,ADX=21.8
2019-07-24,HDFCAMC.NS,SELL,2050.65,29,STOP
2019-07-25,PHOENIXLTD.NS,BUY,345.1,1,ADX=15.3
2019-07-31,GUJGASLTD.NS,BUY,172.35,2,ADX=17.9
2019-07-31,PHOENIXLTD.NS,SELL,326.12,1,STOP
2019-08-02,CANFINHOME.NS,SELL,368.79,1677,STOP
2019-08-05,PATANJALI.NS,BUY,510.0,1215,ADX=40.0
2019-08-05,POWERGRID.NS,SELL,113.15,12,RULE
2019-08-07,J&KBANK.NS,BUY,44.8,4,ADX=33.0
2019-08-08,J&KBANK.NS,SELL,42.34,4,STOP
2019-08-09,IEX.NS,BUY,49.8,3,ADX=29.5
2019-08-13,IEX.NS,SELL,47.06,3,STOP
2019-08-16,IDFCFIRSTB.NS,BUY,45.75,3,ADX=24.1
2019-08-19,GMRAIRPORT.NS,BUY,14.32,1,ADX=16.0
2019-08-20,COFORGE.NS,BUY,275.01,2129,ADX=26.9
2019-08-20,GPPL.NS,BUY,81.7,1,ADX=22.1
2019-08-20,PATANJALI.NS,SELL,481.95,1215,STOP
2019-08-21,GMRAIRPORT.NS,SELL,13.54,1,STOP
2019-08-22,GPPL.NS,SELL,77.21,1,STOP
2019-08-22,IDFCFIRSTB.NS,SELL,43.23,3,STOP
2019-08-26,RHIM.NS,BUY,193.35,1,ADX=33.9
2019-08-29,ANANTRAJ.NS,BUY,12.68,2,ADX=24.1
2019-09-03,GUJGASLTD.NS,SELL,171.75,2,RULE
2019-09-04,BEL.NS,BUY,35.5,4,ADX=23.0
2019-09-04,POLYMED.NS,BUY,200.85,1,ADX=43.2
2019-09-05,ASIANPAINT.NS,SELL,1519.75,40,RULE
2019-09-05,ELECON.NS,BUY,16.65,3651,ADX=34.6
2019-09-09,RTNINDIA.NS,BUY,2.0,2,ADX=25.5
2019-09-18,COFORGE.NS,SELL,272.43,2129,RULE
2019-09-18,DBREALTY.NS,BUY,9.1,79,ADX=42.2
2019-09-18,GLAXO.NS,BUY,1409.45,411,ADX=47.5
2019-09-20,ASHOKLEY.NS,BUY,34.6,2,ADX=33.7
2019-09-20,ELECON.NS,SELL,15.73,3651,STOP
2019-09-20,NESTLEIND.NS,BUY,674.97,85,ADX=41.2
2019-09-24,DBREALTY.NS,SELL,8.6,79,STOP
2019-09-24,GRSE.NS,BUY,176.9,3,ADX=48.4
2019-09-30,ELGIEQUIP.NS,BUY,151.75,1,ADX=38.3
2019-09-30,RTNINDIA.NS,SELL,1.89,2,STOP
2019-10-01,ANANTRAJ.NS,SELL,13.23,2,RULE
2019-10-01,ASHOKLEY.NS,SELL,32.7,2,STOP
2019-10-01,BPCL.NS,BUY,246.95,2,ADX=50.4
2019-10-01,GRSE.NS,SELL,167.17,3,STOP
2019-10-01,SCI.NS,BUY,44.9,2,ADX=46.3
2019-10-03,ELGIEQUIP.NS,SELL,143.4,1,STOP
2019-10-03,NMDC.NS,BUY,24.96,6,ADX=25.2
2019-10-04,ADANIGREEN.NS,BUY,65.15,1,ADX=34.5
2019-10-04,SCI.NS,SELL,42.43,2,STOP
2019-10-07,GESHIP.NS,BUY,290.8,1883,ADX=39.6
2019-10-07,GLAXO.NS,SELL,1331.93,411,STOP
2019-10-07,NMDC.NS,SELL,23.58,6,STOP
2019-10-18,GMRAIRPORT.NS,BUY,17.21,1,ADX=33.5
2019-10-24,POLYMED.NS,SELL,201.0,1,RULE
2019-10-24,RPOWER.NS,BUY,3.6,55,ADX=29.8
2019-10-25,ADANIENT.NS,BUY,181.3,1,ADX=33.1
2019-10-25,RPOWER.NS,SELL,3.4,55,STOP
2019-10-30,TRIDENT.NS,BUY,6.12,1,ADX=22.6
2019-11-06,BEL.NS,SELL,36.47,4,RULE
2019-11-06,MOTHERSON.NS,BUY,36.01,4,ADX=35.3
2019-11-11,AFFLE.NS,BUY,296.55,202,ADX=46.8
2019-11-11,NESTLEIND.NS,SELL,705.42,85,RULE
2019-11-20,ALOKINDS.NS,BUY,2.3,2,ADX=32.0
2019-11-20,RHIM.NS,SELL,210.6,1,RULE
2019-11-20,SCI.NS,BUY,68.5,4,ADX=42.4
2019-11-20,TRIDENT.NS,SELL,5.91,1,RULE
2019-11-21,APLAPOLLO.NS,BUY,155.15,2,ADX=53.4
2019-11-21,MOTHERSON.NS,SELL,34.03,4,STOP
2019-11-21,SCI.NS,SELL,64.73,4,STOP
2019-11-21,UCOBANK.NS,BUY,21.15,4,ADX=34.2
2019-11-22,NETWORK18.NS,BUY,31.2,2,ADX=33.3
2019-11-22,UCOBANK.NS,SELL,19.99,4,STOP
2019-11-26,BPCL.NS,SELL,248.32,2,RULE
2019-11-26,COLPAL.NS,SELL,1493.9,1,RULE
2019-11-26,DBREALTY.NS,BUY,10.0,2,ADX=30.0
2019-11-26,ICICIBANK.NS,BUY,510.7,4,ADX=46.3
2019-11-26,NETWORK18.NS,SELL,29.48,2,STOP
2019-12-02,JPPOWER.NS,BUY,1.25,4,ADX=19.7
2019-12-09,AFFLE.NS,SELL,280.24,202,STOP
2019-12-09,GUJGASLTD.NS,BUY,230.3,245,ADX=49.5
2019-12-10,DBREALTY.NS,SELL,9.45,2,STOP
2019-12-10,GMRAIRPORT.NS,SELL,18.15,1,RULE
2019-12-10,JBCHEPHARM.NS,BUY,211.18,1,ADX=23.0
2019-12-11,GESHIP.NS,SELL,295.6,1883,RULE
2019-12-11,GUJGASLTD.NS,SELL,217.63,245,STOP
2019-12-11,KOTAKBANK.NS,BUY,1686.55,330,ADX=23.1
2019-12-12,CRISIL.NS,BUY,1703.1,31,ADX=54.2
2019-12-12,MANAPPURAM.NS,BUY,173.2,3,ADX=16.7
2020-01-06,ADANIENT.NS,SELL,199.55,1,RULE
2020-01-06,IEX.NS,BUY,56.05,9734,ADX=34.5
2020-01-06,KOTAKBANK.NS,SELL,1652.55,330,RULE
2020-01-06,SUZLON.NS,BUY,2.94,6,ADX=33.9
2020-01-08,IEX.NS,SELL,52.97,9734,STOP
2020-01-08,NAVINFLUOR.NS,BUY,1089.95,473,ADX=43.1
2020-01-09,SAIL.NS,BUY,48.55,1,ADX=32.9
2020-01-09,SUZLON.NS,SELL,2.78,6,STOP
2020-01-14,COROMANDEL.NS,BUY,558.0,873,ADX=55.0
2020-01-14,NAVINFLUOR.NS,SELL,1030.0,473,STOP
2020-01-20,ALOKINDS.NS,SELL,2.7,2,RULE
2020-01-20,SJVN.NS,BUY,27.05,2,ADX=59.3
2020-01-22,GUJGASLTD.NS,BUY,280.7,7,ADX=52.8
2020-01-22,ICICIBANK.NS,SELL,522.85,4,RULE
2020-01-23,LAURUSLABS.NS,BUY,82.98,2,ADX=44.9
2020-01-23,SJVN.NS,SELL,25.56,2,STOP
2020-01-28,CRISIL.NS,SELL,1758.3,31,RULE
2020-01-28,SRF.NS,BUY,752.97,72,ADX=58.8
2020-02-03,IRCTC.NS,BUY,250.17,1,ADX=48.6
2020-02-03,SAIL.NS,SELL,45.88,1,STOP
2020-02-04,MANAPPURAM.NS,SELL,172.7,3,RULE
2020-02-04,WESTLIFE.NS,BUY,480.35,1,ADX=46.2
2020-02-05,POLYMED.NS,BUY,321.25,1,ADX=45.6
2020-02-05,WESTLIFE.NS,SELL,453.93,1,STOP
2020-02-06,IGL.NS,BUY,261.15,2,ADX=54.4
2020-02-06,POLYMED.NS,SELL,303.58,1,STOP
2020-02-12,JPPOWER.NS,SELL,1.8,4,RULE
2020-02-13,GRAVITA.NS,BUY,66.05,1,ADX=42.9
2020-02-14,IGL.NS,SELL,246.79,2,STOP
2020-02-14,IRCON.NS,BUY,55.33,9,ADX=34.3
2020-02-18,IRCON.NS,SELL,52.29,9,STOP
2020-02-18,KIRLOSBROS.NS,BUY,173.5,2,ADX=27.2
2020-02-19,ALOKINDS.NS,BUY,16.85,16,ADX=42.9
2020-02-19,LAURUSLABS.NS,SELL,78.42,2,STOP
2020-02-24,ALOKINDS.NS,SELL,15.92,16,STOP
2020-02-24,IEX.NS,BUY,64.52,4,ADX=36.1
2020-02-25,ADANIGREEN.NS,SELL,180.55,1,RULE
2020-02-25,DEEPAKNTR.NS,BUY,506.35,1,ADX=39.1
2020-02-25,GRAVITA.NS,SELL,62.42,1,STOP
2020-02-25,KIRLOSBROS.NS,SELL,163.96,2,STOP
2020-02-27,BDL.NS,BUY,156.4,3,ADX=15.6
2020-02-27,DEEPAKNTR.NS,SELL,478.5,1,STOP
2020-02-28,APLAPOLLO.NS,SELL,194.35,2,RULE
2020-02-28,BDL.NS,SELL,147.8,3,STOP
2020-02-28,GUJGASLTD.NS,SELL,276.1,7,RULE
2020-02-28,IEX.NS,SELL,60.97,4,STOP
2020-02-28,SRF.NS,SELL,778.76,72,RULE
2020-03-03,ATUL.NS,BUY,5358.75,11,ADX=58.6
2020-03-04,ATUL.NS,SELL,5064.02,11,STOP
2020-03-04,BASF.NS,BUY,1146.3,48,ADX=34.2
2020-03-04,POWERGRID.NS,BUY,110.84,8,ADX=17.2
2020-03-05,IRCTC.NS,SELL,286.17,1,RULE
2020-03-09,BASF.NS,SELL,1083.25,48,STOP
2020-03-09,COROMANDEL.NS,SELL,602.75,873,RULE
2020-03-09,POWERGRID.NS,SELL,104.74,8,STOP
2020-03-11,PATANJALI.NS,BUY,87.15,6046,ADX=40.9
2020-03-11,PIDILITIND.NS,BUY,1699.75,30,ADX=32.9
2020-03-12,JBCHEPHARM.NS,SELL,254.48,1,RULE
2020-03-12,PIDILITIND.NS,SELL,1606.26,30,STOP
2020-03-13,IDEA.NS,BUY,5.6,8906,ADX=26.3
2020-03-16,IDEA.NS,SELL,5.29,8906,STOP
2020-03-17,YESBANK.NS,BUY,58.65,803,ADX=29.2
2020-03-18,YESBANK.NS,SELL,55.42,803,STOP
2020-03-20,ZYDUSLIFE.NS,BUY,285.8,155,ADX=30.2
2020-03-25,ZYDUSLIFE.NS,SELL,270.08,155,STOP
2020-03-31,HINDUNILVR.NS,BUY,2298.5,18,ADX=24.8
2020-04-01,HINDUNILVR.NS,SELL,2172.08,18,STOP
2020-04-07,CIPLA.NS,BUY,492.25,1,ADX=26.9
2020-04-07,LUPIN.NS,BUY,700.05,56,ADX=38.6
2020-04-08,HSCL.NS,BUY,50.65,2,ADX=41.4
2020-04-09,CGPOWER.NS,BUY,6.65,5,ADX=28.0
2020-04-13,HSCL.NS,SELL,47.86,2,STOP
2020-04-13,SUZLON.NS,BUY,2.3,42,ADX=21.3
2020-05-06,ALOKINDS.NS,BUY,8.3,11,ADX=21.3
2020-05-06,SUZLON.NS,SELL,2.17,42,STOP
2020-05-11,CGPOWER.NS,SELL,6.65,5,RULE
2020-05-11,DBREALTY.NS,BUY,5.5,6,ADX=37.1
2020-07-01,DBREALTY.NS,SELL,7.0,6,RULE
2020-07-01,JPPOWER.NS,BUY,2.0,1,ADX=55.5
2020-07-01,RENUKA.NS,BUY,11.7,3,ADX=60.8
2020-07-01,RPOWER.NS,BUY,4.45,1,ADX=60.6
2020-07-03,RENUKA.NS,SELL,11.06,3,STOP
2020-07-03,SUZLON.NS,BUY,5.33,6,ADX=47.1
2020-07-06,HAL.NS,BUY,476.95,1,ADX=58.9
2020-07-06,IDBI.NS,BUY,53.55,2,ADX=52.3
2020-07-06,IRB.NS,BUY,10.81,1,ADX=40.6
2020-07-06,LUPIN.NS,SELL,875.55,56,RULE
2020-07-06,POWERINDIA.NS,BUY,849.75,57,ADX=60.8
2020-07-07,HUDCO.NS,BUY,36.65,1,ADX=45.1
2020-07-07,RPOWER.NS,SELL,4.21,1,STOP
2020-07-07,SUZLON.NS,SELL,5.03,6,STOP
2020-07-08,BSOFT.NS,BUY,99.3,1,ADX=50.0
2020-07-08,IDBI.NS,SELL,50.6,2,STOP
2020-07-09,BSE.NS,BUY,58.18,1,ADX=34.4
2020-07-09,ESCORTS.NS,BUY,1129.5,4701,ADX=54.0
2020-07-09,GNFC.NS,BUY,170.4,1,ADX=42.7
2020-07-09,HAL.NS,SELL,450.72,1,STOP
2020-07-09,JPPOWER.NS,SELL,1.89,1,STOP
2020-07-09,PATANJALI.NS,SELL,957.9,6046,RULE
2020-07-09,PERSISTENT.NS,BUY,371.25,1298,ADX=53.3
2020-07-10,LTIM.NS,BUY,2109.65,215,ADX=53.6
2020-07-10,PERSISTENT.NS,SELL,350.83,1298,STOP
2020-07-14,BSE.NS,SELL,54.98,1,STOP
2020-07-14,TATACOMM.NS,BUY,699.3,2,ADX=54.5
2020-07-15,ALOKINDS.NS,SELL,35.25,11,RULE
2020-07-15,GNFC.NS,SELL,161.03,1,STOP
2020-07-15,HUDCO.NS,SELL,34.63,1,STOP
2020-07-15,PERSISTENT.NS,BUY,382.33,2,ADX=56.8
2020-07-15,WIPRO.NS,BUY,131.38,2,ADX=42.0
2020-07-17,GRANULES.NS,BUY,264.05,5,ADX=43.2
2020-07-17,TATACOMM.NS,SELL,660.84,2,STOP
2020-07-17,TATASTEEL.NS,BUY,35.1,1,ADX=30.6
2020-07-22,PERSISTENT.NS,SELL,361.3,2,STOP
2020-07-22,RTNINDIA.NS,BUY,4.3,170,ADX=57.5
2020-08-31,CGPOWER.NS,BUY,22.4,230616,ADX=67.1
2020-08-31,CIPLA.NS,SELL,713.55,1,RULE
2020-08-31,ESCORTS.NS,SELL,1087.6,4701,RULE
2020-08-31,POWERINDIA.NS,SELL,917.25,57,RULE
2020-09-02,CGPOWER.NS,SELL,21.17,230616,STOP
2020-09-02,JSWSTEEL.NS,BUY,293.0,16661,ADX=59.9
2020-09-04,CGPOWER.NS,BUY,24.6,53,ADX=70.4
2020-09-04,RTNINDIA.NS,SELL,7.7,170,RULE
2020-09-08,CGPOWER.NS,SELL,23.25,53,STOP
2020-09-08,TATAELXSI.NS,BUY,1219.0,1,ADX=49.4
2020-09-08,TATASTEEL.NS,SELL,40.51,1,RULE
2020-09-09,ADANIGREEN.NS,BUY,590.05,7818,ADX=42.8
2020-09-09,JSWSTEEL.NS,SELL,276.88,16661,STOP
2020-09-09,PGEL.NS,BUY,5.68,42,ADX=19.2
2020-09-18,IRB.NS,SELL,11.61,1,RULE
2020-09-23,LTIM.NS,SELL,2448.45,215,RULE
2020-09-23,ZENSARTECH.NS,BUY,200.7,2622,ADX=29.4
2020-09-25,VEDL.NS,BUY,137.05,1,ADX=16.2
2020-09-29,RKFORGE.NS,BUY,65.66,7574,ADX=48.2
2020-09-29,ZENSARTECH.NS,SELL,189.66,2622,STOP
2020-10-01,TRIDENT.NS,BUY,7.85,5,ADX=16.7
2020-10-07,ANANTRAJ.NS,BUY,21.35,8,ADX=44.7
2020-10-07,TRIDENT.NS,SELL,7.42,5,STOP
2020-10-07,VEDL.NS,SELL,129.51,1,STOP
2020-10-13,ANANTRAJ.NS,SELL,20.18,8,STOP
2020-10-13,SWANENERGY.NS,BUY,137.0,1,ADX=29.6
2020-10-20,TTML.NS,BUY,3.95,6,ADX=20.9
2020-10-28,BSOFT.NS,SELL,184.0,1,RULE
2020-10-28,CGPOWER.NS,BUY,28.55,1,ADX=34.9
2020-10-28,KPRMILL.NS,BUY,143.97,1,ADX=39.1
2020-11-09,POWERGRID.NS,BUY,103.53,1,ADX=28.8
2020-11-09,SWANENERGY.NS,SELL,133.9,1,RULE
2020-12-14,BRIGADE.NS,BUY,237.25,8,ADX=73.6
2020-12-14,GRANULES.NS,SELL,380.25,5,RULE
2020-12-21,CAMS.NS,BUY,1687.85,1,ADX=54.3
2020-12-21,POWERGRID.NS,SELL,104.34,1,RULE
2020-12-21,SUZLON.NS,BUY,4.5,3,ADX=29.6
2020-12-21,TATAELXSI.NS,SELL,1551.55,1,RULE
2020-12-22,BRIGADE.NS,SELL,224.2,8,STOP
2020-12-22,BSOFT.NS,BUY,232.8,2,ADX=23.9
2020-12-22,CAMS.NS,SELL,1595.02,1,STOP
2020-12-22,PERSISTENT.NS,BUY,688.55,4,ADX=26.8
2020-12-31,GRAVITA.NS,BUY,77.0,9,ADX=55.9
2020-12-31,PGEL.NS,SELL,14.03,42,RULE
2021-01-08,ADANIGREEN.NS,SELL,1014.9,7818,RULE
2021-01-08,HFCL.NS,BUY,30.1,263606,ADX=60.3
2021-01-22,ANANTRAJ.NS,BUY,39.0,1,ADX=44.7
2021-01-22,CGPOWER.NS,SELL,39.7,1,RULE
2021-01-27,HFCL.NS,SELL,28.44,263606,STOP
2021-01-27,RKFORGE.NS,SELL,99.73,7574,RULE
2021-01-27,ROUTE.NS,BUY,1269.65,5913,ADX=18.0
2021-01-28,ANANTRAJ.NS,SELL,36.85,1,STOP
2021-01-28,HAVELLS.NS,BUY,1181.75,6035,ADX=55.2
2021-01-28,PGEL.NS,BUY,16.51,42917,ADX=15.8
2021-01-28,ROUTE.NS,SELL,1199.82,5913,STOP
2021-01-29,ANANTRAJ.NS,BUY,41.0,164380,ADX=51.2
2021-01-29,HAVELLS.NS,SELL,1116.75,6035,STOP
2021-02-03,ANANTRAJ.NS,SELL,38.74,164380,STOP
2021-02-03,CEATLTD.NS,BUY,1604.8,3968,ADX=59.7
2021-02-03,KAJARIACER.NS,BUY,867.8,1,ADX=57.9
2021-02-12,BSOFT.NS,SELL,244.35,2,RULE
2021-02-12,POONAWALLA.NS,BUY,98.2,7,ADX=48.7
2021-02-15,SUZLON.NS,SELL,5.37,3,RULE
2021-02-16,MAHABANK.NS,BUY,19.05,2,ADX=25.5
2021-02-22,HINDCOPPER.NS,BUY,98.4,6,ADX=43.0
2021-02-22,KPRMILL.NS,SELL,179.4,1,RULE
2021-02-22,WIPRO.NS,SELL,209.35,2,RULE
2021-02-23,ANANTRAJ.NS,BUY,48.05,125236,ADX=50.5
2021-02-23,CEATLTD.NS,SELL,1516.54,3968,STOP
2021-02-23,DBREALTY.NS,BUY,24.4,1,ADX=40.6
2021-02-24,REDINGTON.NS,BUY,96.97,1,ADX=55.2
2021-02-24,TTML.NS,SELL,14.95,6,RULE
2021-02-26,NATIONALUM.NS,BUY,60.0,1,ADX=39.1
2021-02-26,REDINGTON.NS,SELL,91.64,1,STOP
2021-03-17,ADANIPOWER.NS,BUY,87.2,1,ADX=51.3
2021-03-17,NATIONALUM.NS,SELL,56.7,1,STOP
2021-03-18,MAHABANK.NS,SELL,19.3,2,RULE
2021-03-22,ATGL.NS,BUY,819.1,1,ADX=49.4
2021-03-22,KAJARIACER.NS,SELL,910.25,1,RULE
2021-03-24,CGPOWER.NS,BUY,68.0,1,ADX=38.2
2021-03-25,GRAVITA.NS,SELL,92.05,9,RULE
2021-03-26,GODREJCP.NS,BUY,710.25,1,ADX=22.8
2021-03-30,GODREJIND.NS,BUY,545.8,1,ADX=50.8
2021-03-30,POONAWALLA.NS,SELL,104.9,7,RULE
2021-03-31,DBREALTY.NS,SELL,24.2,1,RULE
2021-03-31,GODREJIND.NS,SELL,515.78,1,STOP
2021-03-31,INTELLECT.NS,BUY,740.0,1,ADX=54.2
2021-03-31,JPPOWER.NS,BUY,3.25,52,ADX=15.3
2021-04-01,ADANIPOWER.NS,SELL,82.4,1,STOP
2021-04-01,SAIL.NS,BUY,83.85,1,ADX=15.9
2021-04-05,GPIL.NS,BUY,198.11,3,ADX=42.7
2021-04-05,INTELLECT.NS,SELL,699.3,1,STOP
2021-04-07,JPPOWER.NS,SELL,3.07,52,STOP
2021-04-07,KPITTECH.NS,BUY,198.8,1,ADX=45.6
2021-04-09,ASTERDM.NS,BUY,148.4,1,ADX=42.6
2021-04-09,KPITTECH.NS,SELL,187.87,1,STOP
2021-04-12,ANANTRAJ.NS,SELL,50.6,125236,RULE
2021-04-12,LALPATHLAB.NS,BUY,3336.55,1899,ADX=42.8
2021-04-13,GPIL.NS,SELL,187.22,3,STOP
2021-04-13,LALPATHLAB.NS,SELL,3153.04,1899,STOP
2021-04-13,MAHABANK.NS,BUY,27.0,2,ADX=24.1
2021-04-13,SONATSOFTW.NS,BUY,231.11,25914,ADX=47.5
2021-04-15,ASTERDM.NS,SELL,140.24,1,STOP
2021-04-15,MAHABANK.NS,SELL,25.51,2,STOP
2021-04-15,PGEL.NS,SELL,33.32,42917,RULE
2021-04-15,PRAJIND.NS,BUY,211.15,6773,ADX=37.4
2021-04-16,GLENMARK.NS,BUY,571.9,4,ADX=27.0
2021-04-16,PFIZER.NS,BUY,5218.55,1084,ADX=27.8
2021-04-16,SONATSOFTW.NS,SELL,218.4,25914,STOP
2021-04-16,TRIVENI.NS,BUY,101.95,5,ADX=22.1
2021-04-19,CIPLA.NS,BUY,946.3,2,ADX=31.6
2021-04-19,GLENMARK.NS,SELL,540.45,4,STOP
2021-04-22,GODREJCP.NS,SELL,704.1,1,RULE
2021-04-22,POLYMED.NS,BUY,993.65,1,ADX=35.8
2021-05-04,CIPLA.NS,SELL,894.25,2,STOP
2021-05-04,RTNINDIA.NS,BUY,11.2,160,ADX=42.7
2021-06-08,HINDCOPPER.NS,SELL,157.9,6,RULE
2021-06-08,RPOWER.NS,BUY,10.9,87,ADX=61.2
2021-06-09,CGPOWER.NS,SELL,79.3,1,RULE
2021-06-09,POLYMED.NS,SELL,977.05,1,RULE
2021-06-09,RENUKA.NS,BUY,21.65,49,ADX=50.1
2021-06-17,ATGL.NS,SELL,1324.65,1,RULE
2021-06-17,JPPOWER.NS,BUY,5.6,4,ADX=44.2
2021-06-17,TTML.NS,BUY,28.95,45,ADX=53.6
2021-07-22,COFORGE.NS,BUY,932.64,1,ADX=55.7
2021-07-22,RPOWER.NS,SELL,12.4,87,RULE
2021-07-23,JPPOWER.NS,SELL,5.3,4,RULE
2021-07-23,RKFORGE.NS,BUY,159.32,1,ADX=41.1
2021-07-26,TITAGARH.NS,BUY,79.5,10,ADX=54.0
2021-07-26,TRIVENI.NS,SELL,172.3,5,RULE
2021-07-27,KPRMILL.NS,BUY,400.7,4,ADX=48.0
2021-07-27,TTML.NS,SELL,36.25,45,RULE
2021-07-30,KPRMILL.NS,SELL,378.66,4,STOP
2021-07-30,UTIAMC.NS,BUY,1041.75,1,ADX=56.2
2021-08-03,AMBUJACEM.NS,BUY,422.2,5,ADX=57.6
2021-08-03,RENUKA.NS,SELL,31.9,49,RULE
2021-08-10,AMBUJACEM.NS,SELL,398.98,5,STOP
2021-08-10,PRAJIND.NS,SELL,351.75,6773,RULE
2021-08-10,SAIL.NS,SELL,127.25,1,RULE
2021-08-10,SONACOMS.NS,BUY,489.35,4874,ADX=75.2
2021-08-10,TEJASNET.NS,BUY,360.75,1,ADX=54.0
2021-08-10,UTIAMC.NS,SELL,984.45,1,STOP
2021-08-12,IRFC.NS,BUY,23.95,3,ADX=16.4
2021-08-18,BAJAJFINSV.NS,BUY,1500.64,5,ADX=51.6
2021-08-18,POONAWALLA.NS,BUY,194.4,3,ADX=26.7
2021-08-18,RTNINDIA.NS,SELL,50.75,160,RULE
2021-08-20,IRFC.NS,SELL,23.0,3,RULE
2021-08-23,BLS.NS,BUY,42.39,11,ADX=30.6
2021-08-23,HCLTECH.NS,BUY,1163.1,1938,ADX=49.1
2021-08-23,POONAWALLA.NS,SELL,183.71,3,STOP
2021-08-23,SONACOMS.NS,SELL,462.44,4874,STOP
2021-09-01,GMRAIRPORT.NS,BUY,27.3,1,ADX=15.7
2021-09-20,PFIZER.NS,SELL,5765.75,1084,RULE
2021-09-20,TATAELXSI.NS,BUY,5831.7,1071,ADX=52.0
2021-09-21,BAJFINANCE.NS,BUY,781.39,7559,ADX=49.2
2021-09-21,TATAELXSI.NS,SELL,5510.96,1071,STOP
2021-10-18,HCLTECH.NS,SELL,1221.4,1938,RULE
2021-10-18,IRCTC.NS,BUY,1175.54,2013,ADX=65.5
2021-10-19,IEX.NS,BUY,281.78,7938,ADX=53.3
2021-10-19,IRCTC.NS,SELL,1110.89,2013,STOP
2021-10-20,BLS.NS,SELL,56.34,11,RULE
2021-10-20,DBREALTY.NS,BUY,44.5,47518,ADX=43.1
2021-10-20,IEX.NS,SELL,266.29,7938,STOP
2021-10-21,IRB.NS,BUY,24.47,1,ADX=38.2
2021-10-22,RVNL.NS,BUY,43.05,10,ADX=44.4
2021-10-22,TEJASNET.NS,SELL,441.85,1,RULE
2021-10-25,BAJFINANCE.NS,SELL,738.41,7559,STOP
2021-10-25,COFORGE.NS,SELL,1013.86,1,RULE
2021-10-25,MRPL.NS,BUY,55.35,100868,ADX=45.9
2021-10-25,RVNL.NS,SELL,40.68,10,STOP
2021-10-26,CGPOWER.NS,BUY,150.8,43963,ADX=42.3
2021-10-26,CUB.NS,BUY,181.05,3560,ADX=39.5
2021-10-26,DBREALTY.NS,SELL,42.05,47518,STOP
2021-10-26,IDFCFIRSTB.NS,BUY,52.85,1,ADX=17.6
2021-10-26,MRPL.NS,SELL,52.31,100868,STOP
2021-10-27,J&KBANK.NS,BUY,43.15,1,ADX=24.6
2021-10-28,CUB.NS,SELL,171.09,3560,STOP
2021-10-28,IDFCFIRSTB.NS,SELL,49.94,1,STOP
2021-10-28,J&KBANK.NS,SELL,40.78,1,STOP
2021-10-28,TANLA.NS,BUY,1284.9,474,ADX=41.9
2021-10-29,CANBK.NS,BUY,42.9,30,ADX=38.8
2021-10-29,IRB.NS,SELL,23.12,1,STOP
2021-10-29,RKFORGE.NS,SELL,218.27,1,RULE
2021-10-29,TITAGARH.NS,SELL,94.25,10,RULE
2021-11-01,CENTURYPLY.NS,BUY,573.2,1004,ADX=43.7
2021-11-01,SARDAEN.NS,BUY,89.17,1,ADX=26.4
2021-11-01,TANLA.NS,SELL,1214.23,474,STOP
2021-11-03,BAJAJFINSV.NS,SELL,1750.94,5,RULE
2021-11-03,OLECTRA.NS,BUY,610.4,14,ADX=45.6
2021-11-03,TTML.NS,BUY,60.8,3,ADX=32.9
2021-11-11,TARIL.NS,BUY,16.38,1,ADX=16.3
2021-11-12,KARURVYSYA.NS,BUY,49.75,2,ADX=31.1
2021-11-12,SARDAEN.NS,SELL,84.27,1,STOP
2021-11-12,TARIL.NS,SELL,15.47,1,STOP
2021-11-16,KARURVYSYA.NS,SELL,47.01,2,STOP
2021-11-18,GMRAIRPORT.NS,SELL,35.36,1,RULE
2021-11-18,TRIDENT.NS,BUY,45.2,3,ADX=39.7
2021-11-26,CANBK.NS,SELL,40.54,30,STOP
2021-11-26,PERSISTENT.NS,SELL,1954.55,4,RULE
2021-11-26,WELCORP.NS,BUY,169.85,53,ADX=29.5
2021-11-29,CENTURYPLY.NS,SELL,586.2,1004,RULE
2021-11-29,RAYMOND.NS,BUY,657.75,894,ADX=43.4
2021-11-30,SONATSOFTW.NS,BUY,342.84,1,ADX=18.1
2021-12-01,IDEA.NS,BUY,12.8,32,ADX=26.0
2021-12-01,PNBHOUSING.NS,BUY,478.93,18,ADX=46.1
2021-12-01,SONATSOFTW.NS,SELL,323.99,1,STOP
2021-12-01,WELCORP.NS,SELL,160.51,53,STOP
2021-12-02,BAJAJHLDNG.NS,BUY,5347.0,103,ADX=44.5
2021-12-02,PGEL.NS,BUY,64.56,2,ADX=20.9
2021-12-02,RAYMOND.NS,SELL,621.57,894,STOP
2021-12-02,SCI.NS,BUY,157.2,2,ADX=31.8
2021-12-02,TORNTPOWER.NS,BUY,562.05,8,ADX=32.9
2021-12-03,INOXWIND.NS,BUY,36.39,3,ADX=17.1
2021-12-03,PGEL.NS,SELL,61.01,2,STOP
2021-12-06,ELGIEQUIP.NS,BUY,304.3,28,ADX=52.8
2021-12-06,IFCI.NS,BUY,14.9,3,ADX=20.2
2021-12-06,INOXWIND.NS,SELL,34.39,3,STOP
2021-12-06,PNBHOUSING.NS,SELL,452.59,18,STOP
2021-12-06,SCI.NS,SELL,148.55,2,STOP
2021-12-09,JPPOWER.NS,BUY,5.8,2,ADX=18.6
2021-12-10,JPPOWER.NS,SELL,5.48,2,STOP
2021-12-10,SUZLON.NS,BUY,7.21,1,ADX=18.0
2021-12-14,SUZLON.NS,SELL,6.81,1,STOP
2021-12-17,BAJAJHLDNG.NS,SELL,5052.91,103,STOP
2021-12-17,ELGIEQUIP.NS,SELL,287.56,28,STOP
2021-12-17,KAJARIACER.NS,BUY,1239.05,426,ADX=30.4
2021-12-17,WIPRO.NS,BUY,335.4,2,ADX=17.3
2021-12-20,BAYERCROP.NS,BUY,4913.15,102,ADX=19.6
2021-12-20,KAJARIACER.NS,SELL,1170.9,426,STOP
2021-12-20,TORNTPOWER.NS,SELL,531.14,8,STOP
2021-12-21,UNOMINDA.NS,BUY,553.53,3,ADX=34.5
2021-12-22,GRAVITA.NS,BUY,250.65,1,ADX=23.1
2021-12-30,GPIL.NS,BUY,278.4,38,ADX=43.3
2021-12-30,OLECTRA.NS,SELL,760.0,14,RULE
2022-01-11,IDEA.NS,SELL,12.1,32,STOP
2022-01-11,JPPOWER.NS,BUY,10.15,44,ADX=47.5
2022-01-12,GPIL.NS,SELL,263.09,38,STOP
2022-01-12,JPPOWER.NS,BUY,10.35,1007,ADX=50.0
2022-01-12,JPPOWER.NS,SELL,9.59,44,STOP
2022-01-13,GRAPHITE.NS,BUY,555.35,18,ADX=41.8
2022-01-13,JPPOWER.NS,SELL,9.78,1007,STOP
2022-01-13,JWL.NS,BUY,51.35,9,ADX=38.4
2022-01-13,KARURVYSYA.NS,BUY,41.83,1,ADX=22.4
2022-01-13,WIPRO.NS,SELL,324.88,2,RULE
2022-01-20,CGPOWER.NS,SELL,178.9,43963,RULE
2022-01-20,VTL.NS,BUY,562.68,13558,ADX=48.4
2022-01-21,ANGELONE.NS,BUY,1513.5,1,ADX=30.6
2022-01-21,GRAPHITE.NS,SELL,524.81,18,STOP
2022-01-21,LINDEINDIA.NS,BUY,2774.35,88,ADX=41.3
2022-01-21,TTML.NS,SELL,192.7,3,RULE
2022-01-24,ANGELONE.NS,SELL,1430.26,1,STOP
2022-01-24,IFCI.NS,SELL,15.0,3,RULE
2022-01-24,KARURVYSYA.NS,SELL,39.53,1,STOP
2022-01-24,UNOMINDA.NS,SELL,535.75,3,RULE
2022-01-24,VTL.NS,SELL,531.73,13558,STOP
2022-01-25,BANKBARODA.NS,BUY,98.5,8,ADX=23.0
2022-01-25,HEROMOTOCO.NS,BUY,2782.05,2605,ADX=31.2
2022-01-25,JWL.NS,SELL,48.53,9,STOP
2022-01-25,LINDEINDIA.NS,SELL,2621.76,88,STOP
2022-01-25,SOLARINDS.NS,BUY,2480.25,79,ADX=23.8
2022-01-27,MMTC.NS,BUY,52.55,1,ADX=32.2
2022-01-31,CANBK.NS,BUY,50.59,1,ADX=20.6
2022-01-31,DBREALTY.NS,BUY,82.5,2244,ADX=45.7
2022-01-31,SOLARINDS.NS,SELL,2343.84,79,STOP
2022-02-04,BAYERCROP.NS,SELL,4848.05,102,RULE
2022-02-04,GMDCLTD.NS,BUY,132.5,3732,ADX=45.0
2022-02-07,CREDITACC.NS,BUY,728.95,9395,ADX=42.0
2022-02-07,HEROMOTOCO.NS,SELL,2629.04,2605,STOP
2022-02-07,RPOWER.NS,BUY,18.5,9,ADX=30.2
2022-02-08,BIOCON.NS,BUY,404.6,1154,ADX=24.0
2022-02-08,GMDCLTD.NS,SELL,125.21,3732,STOP
2022-02-09,RENUKA.NS,BUY,38.05,14,ADX=30.7
2022-02-09,RPOWER.NS,SELL,17.48,9,STOP
2022-02-11,NLCINDIA.NS,BUY,75.85,2,ADX=29.2
2022-02-11,TRIDENT.NS,SELL,56.8,3,RULE
2022-02-14,CANBK.NS,SELL,47.81,1,STOP
2022-02-14,CREDITACC.NS,SELL,688.86,9395,STOP
2022-02-14,MMTC.NS,SELL,49.66,1,STOP
2022-02-14,NLCINDIA.NS,SELL,71.68,2,STOP
2022-02-14,RENUKA.NS,SELL,35.96,14,STOP
2022-02-14,RHIM.NS,BUY,494.0,13102,ADX=32.8
2022-02-22,BIOCON.NS,SELL,382.35,1154,STOP
2022-02-24,DBREALTY.NS,SELL,89.25,2244,RULE
2022-02-24,GRAVITA.NS,SELL,329.15,1,RULE
2022-02-24,RHIM.NS,SELL,466.83,13102,STOP
2022-02-25,ABBOTINDIA.NS,BUY,17379.8,353,ADX=21.0
2022-02-28,CROMPTON.NS,BUY,428.5,6,ADX=33.2
2022-02-28,DMART.NS,BUY,4340.35,143,ADX=37.0
2022-03-02,BEL.NS,BUY,72.0,2,ADX=20.4
2022-03-02,CROMPTON.NS,SELL,404.93,6,STOP
2022-03-02,HINDALCO.NS,BUY,600.1,4,ADX=22.5
2022-03-04,DMART.NS,SELL,4101.63,143,STOP
2022-03-07,BANKBARODA.NS,SELL,93.08,8,STOP
2022-03-07,GAIL.NS,BUY,107.77,5449,ADX=22.8
2022-03-08,LEMONTREE.NS,BUY,57.1,1,ADX=18.3
2022-03-10,BSE.NS,BUY,291.05,1,ADX=16.4
2022-03-10,CHAMBLFERT.NS,BUY,414.45,1338,ADX=31.1
2022-03-10,GAIL.NS,SELL,101.84,5449,STOP
2022-03-11,SARDAEN.NS,BUY,107.78,1,ADX=18.8
2022-03-15,BEL.NS,SELL,68.04,2,STOP
2022-03-15,HINDALCO.NS,SELL,567.09,4,STOP
2022-03-15,LEMONTREE.NS,SELL,53.96,1,STOP
2022-03-15,RKFORGE.NS,BUY,189.45,13,ADX=31.9
2022-03-21,JUBLPHARMA.NS,BUY,449.65,5,ADX=42.1
2022-03-21,RKFORGE.NS,SELL,179.03,13,STOP
2022-03-21,RVNL.NS,BUY,35.8,2,ADX=19.8
2022-03-22,ABBOTINDIA.NS,SELL,16685.6,353,RULE
2022-03-22,CHALET.NS,BUY,303.65,9,ADX=36.5
2022-03-22,GNFC.NS,BUY,799.45,7364,ADX=39.8
2022-03-22,LTF.NS,BUY,75.1,2,ADX=32.1
2022-03-23,BLS.NS,BUY,62.2,1,ADX=18.5
2022-03-23,GNFC.NS,SELL,755.48,7364,STOP
2022-03-23,ITC.NS,BUY,252.0,12,ADX=30.4
2022-03-23,LINDEINDIA.NS,BUY,3508.05,1585,ADX=31.3
2022-03-25,BLS.NS,SELL,58.78,1,STOP
2022-03-28,AWL.NS,BUY,461.0,4,ADX=69.6
2022-03-28,IRB.NS,BUY,23.95,2,ADX=20.0
2022-03-28,JUBLPHARMA.NS,SELL,424.92,5,STOP
2022-03-28,RVNL.NS,SELL,33.83,2,STOP
2022-03-28,USHAMART.NS,BUY,121.45,3,ADX=44.4
2022-04-19,BSE.NS,SELL,285.92,1,RULE
2022-04-19,CHALET.NS,SELL,286.95,9,STOP
2022-04-19,CHENNPETRO.NS,BUY,196.7,14,ADX=54.0
2022-04-19,NHPC.NS,BUY,33.7,3,ADX=46.2
2022-04-20,IRB.NS,SELL,23.84,2,RULE
2022-04-20,MRPL.NS,BUY,67.9,1,ADX=36.5
2022-04-26,MRPL.NS,SELL,64.17,1,STOP
2022-05-04,LINDEINDIA.NS,SELL,3397.85,1585,RULE
2022-05-04,TECHNOE.NS,BUY,307.1,17537,ADX=34.3
2022-05-06,NHPC.NS,SELL,31.85,3,STOP
2022-05-06,USHAMART.NS,SELL,132.05,3,RULE
2022-05-09,ABB.NS,BUY,2305.7,219,ADX=16.2
2022-05-09,CHAMBLFERT.NS,SELL,430.8,1338,RULE
2022-05-09,LTF.NS,SELL,80.45,2,RULE
2022-05-09,POWERGRID.NS,BUY,183.86,28065,ADX=43.7
2022-05-09,TECHNOE.NS,SELL,290.21,17537,STOP
2022-05-10,ABB.NS,SELL,2178.89,219,STOP
2022-05-10,AWL.NS,SELL,583.25,4,RULE
2022-05-10,SARDAEN.NS,SELL,106.68,1,RULE
2022-05-12,GUJGASLTD.NS,BUY,566.95,853,ADX=18.5
2022-05-12,ITC.NS,SELL,252.9,12,RULE
2022-05-18,MRPL.NS,BUY,89.35,54580,ADX=44.5
2022-05-18,POWERGRID.NS,SELL,173.75,28065,STOP
2022-05-23,JWL.NS,BUY,63.3,1,ADX=27.4
2022-05-24,ASHOKLEY.NS,BUY,70.6,8,ADX=16.9
2022-05-24,DRREDDY.NS,BUY,869.42,5300,ADX=26.3
2022-05-24,MRPL.NS,SELL,84.44,54580,STOP
2022-05-25,BAYERCROP.NS,BUY,4974.3,91,ADX=18.1
2022-05-25,GUJGASLTD.NS,SELL,535.77,853,STOP
2022-05-25,JWL.NS,SELL,59.82,1,STOP
2022-05-26,AIAENG.NS,BUY,2056.1,2,ADX=21.2
2022-05-30,INDIANB.NS,BUY,167.55,1,ADX=16.0
2022-05-31,PGEL.NS,BUY,88.62,1,ADX=24.0
2022-05-31,RTNINDIA.NS,BUY,49.25,1,ADX=21.0
2022-06-07,DRREDDY.NS,SELL,821.6,5300,STOP
2022-06-07,MRPL.NS,BUY,108.15,40263,ADX=42.4
2022-06-07,RPOWER.NS,BUY,14.3,4,ADX=17.2
2022-06-09,DBREALTY.NS,BUY,83.8,1,ADX=26.5
2022-06-09,RPOWER.NS,SELL,13.51,4,STOP
2022-06-09,RTNINDIA.NS,SELL,46.54,1,STOP
2022-06-13,ASHOKLEY.NS,SELL,66.72,8,STOP
2022-06-13,DBREALTY.NS,SELL,79.19,1,STOP
2022-06-13,INDIANB.NS,SELL,158.33,1,STOP
2022-06-14,APARINDS.NS,BUY,864.1,4763,ADX=37.6
2022-06-14,MRPL.NS,SELL,102.2,40263,STOP
2022-06-20,BAYERCROP.NS,SELL,4700.71,91,STOP
2022-06-20,CHENNPETRO.NS,SELL,274.55,14,RULE
2022-06-20,PGEL.NS,SELL,83.75,1,STOP
2022-06-21,ASAHIINDIA.NS,BUY,516.1,836,ADX=21.2
2022-06-22,ASAHIINDIA.NS,SELL,487.71,836,STOP
2022-06-22,PRAJIND.NS,BUY,358.8,1137,ADX=24.9
2022-06-24,MSUMI.NS,BUY,32.36,1,ADX=22.3
2022-07-13,IFCI.NS,BUY,9.8,1,ADX=21.4
2022-08-10,ADANIENT.NS,BUY,2827.2,150,ADX=49.3
2022-08-10,PRAJIND.NS,SELL,374.2,1137,RULE
2022-08-10,RPOWER.NS,BUY,14.15,1,ADX=32.1
2022-08-10,TITAGARH.NS,BUY,136.65,10,ADX=46.1
2022-08-12,RPOWER.NS,SELL,13.37,1,STOP
2022-08-19,RPOWER.NS,BUY,14.95,1,ADX=37.4
2022-09-19,IFCI.NS,SELL,10.6,1,RULE
2022-09-26,EMAMILTD.NS,BUY,521.85,2,ADX=33.3
2022-09-26,RPOWER.NS,SELL,16.35,1,RULE
2022-09-26,TITAGARH.NS,SELL,142.9,10,RULE
2022-09-28,AIAENG.NS,SELL,2473.6,2,RULE
2022-09-28,FLUOROCHEM.NS,BUY,3878.7,1,ADX=24.8
2022-09-28,KIMS.NS,BUY,280.03,5,ADX=21.8
2022-09-30,TARIL.NS,BUY,29.83,2,ADX=47.5
2022-10-03,ADANIENT.NS,SELL,3157.3,150,RULE
2022-10-03,RITES.NS,BUY,168.6,1,ADX=36.1
2022-10-03,TRITURBINE.NS,BUY,255.5,1853,ADX=56.5
2022-10-04,TARIL.NS,SELL,28.18,2,STOP
2022-10-06,IDFCFIRSTB.NS,BUY,54.3,1,ADX=29.5
2022-10-07,EMAMILTD.NS,SELL,493.15,2,STOP
2022-10-07,MAZDOCK.NS,BUY,316.48,3,ADX=50.8
2022-10-07,NMDC.NS,BUY,34.55,1,ADX=26.4
2022-10-10,IDFCFIRSTB.NS,SELL,51.31,1,STOP
2022-10-10,RVNL.NS,BUY,38.5,1,ADX=49.6
2022-10-11,BLUESTARCO.NS,BUY,582.5,1,ADX=28.8
2022-10-11,MAZDOCK.NS,SELL,299.07,3,STOP
2022-10-12,KIRLOSENG.NS,BUY,283.95,1,ADX=34.9
2022-10-13,NMDC.NS,SELL,32.65,1,STOP
2022-10-14,ANANDRATHI.NS,BUY,347.33,1,ADX=35.5
2022-10-14,KIRLOSENG.NS,SELL,268.33,1,STOP
2022-10-19,CAMPUS.NS,BUY,631.85,5,ADX=37.3
2022-10-19,CHALET.NS,BUY,404.55,1,ADX=36.7
2022-10-19,FLUOROCHEM.NS,SELL,3717.7,1,RULE
2022-10-20,BLS.NS,BUY,165.77,1,ADX=39.4
2022-10-20,RVNL.NS,SELL,36.38,1,STOP
2022-10-21,CAMPUS.NS,SELL,597.1,5,STOP
2022-10-21,RBLBANK.NS,BUY,133.25,22,ADX=31.0
2022-10-24,AXISBANK.NS,BUY,909.45,3,ADX=30.2
2022-10-24,CHALET.NS,SELL,382.3,1,STOP
2022-10-24,NHPC.NS,BUY,42.95,11,ADX=26.9
2022-10-24,RBLBANK.NS,SELL,125.92,22,STOP
2022-10-28,BLS.NS,SELL,156.66,1,STOP
2022-10-28,HUDCO.NS,BUY,36.85,1,ADX=27.4
2022-10-28,MSUMI.NS,SELL,40.17,1,RULE
2022-10-28,RECLTD.NS,BUY,99.85,2,ADX=32.7
2022-11-03,AXISBANK.NS,SELL,859.43,3,STOP
2022-11-03,MAZDOCK.NS,BUY,377.0,6,ADX=53.5
2022-11-16,BLUESTARCO.NS,SELL,584.15,1,RULE
2022-11-16,RVNL.NS,BUY,63.75,14,ADX=62.4
2022-11-17,IRFC.NS,BUY,27.9,30,ADX=50.2
2022-11-17,RVNL.NS,SELL,60.24,14,STOP
2022-12-08,ANANDRATHI.NS,SELL,347.3,1,RULE
2022-12-08,BANKINDIA.NS,BUY,100.2,3,ADX=67.4
2022-12-09,BANKINDIA.NS,SELL,94.69,3,STOP
2022-12-09,GODFRYPHLP.NS,BUY,1953.0,1,ADX=59.1
2022-12-09,KIMS.NS,SELL,290.52,5,RULE
2022-12-09,NHPC.NS,SELL,41.4,11,RULE
2022-12-09,RITES.NS,SELL,182.48,1,RULE
2022-12-09,YESBANK.NS,BUY,19.7,24,ADX=43.7
2022-12-14,SUZLON.NS,BUY,10.9,1,ADX=35.3
2022-12-21,SUZLON.NS,SELL,10.3,1,STOP
2022-12-22,ABBOTINDIA.NS,BUY,21842.45,22,ADX=56.9
2022-12-22,ASTERDM.NS,BUY,241.2,67,ADX=23.2
2022-12-22,GODFRYPHLP.NS,SELL,1845.58,1,STOP
2022-12-22,MAZDOCK.NS,SELL,395.75,6,RULE
2022-12-22,TRITURBINE.NS,SELL,265.8,1853,RULE
2022-12-23,ASTERDM.NS,SELL,227.93,67,STOP
2022-12-23,HUDCO.NS,SELL,45.8,1,RULE
2022-12-23,IRFC.NS,SELL,27.85,30,RULE
2022-12-23,YESBANK.NS,SELL,18.62,24,STOP
2022-12-26,USHAMART.NS,BUY,168.8,98,ADX=15.1
2022-12-30,CANBK.NS,BUY,66.66,1,ADX=26.3
2023-01-09,MOTHERSON.NS,BUY,51.3,1,ADX=18.7
2023-01-10,CANBK.NS,SELL,62.99,1,STOP
2023-01-11,JINDALSAW.NS,BUY,57.6,1,ADX=29.6
2023-01-16,ADANIGREEN.NS,BUY,2089.8,123,ADX=30.7
2023-01-16,ANANDRATHI.NS,BUY,396.42,19198,ADX=39.8
2023-01-16,APARINDS.NS,SELL,1652.05,4763,RULE
2023-01-16,BANKINDIA.NS,BUY,97.85,11,ADX=28.4
2023-01-17,BANKINDIA.NS,SELL,92.47,11,STOP
2023-01-17,NHPC.NS,BUY,40.95,25,ADX=23.4
2023-01-19,ADANIGREEN.NS,SELL,1974.86,123,STOP
2023-01-19,JWL.NS,BUY,107.4,3,ADX=34.6
2023-01-19,SWANENERGY.NS,BUY,358.35,677,ADX=54.5
2023-01-20,MOTHERSON.NS,SELL,48.48,1,STOP
2023-01-20,TARIL.NS,BUY,38.78,1,ADX=30.0
2023-01-24,JINDALSAW.NS,SELL,54.43,1,STOP
2023-01-25,ABBOTINDIA.NS,SELL,21286.8,22,RULE
2023-01-25,GRAVITA.NS,BUY,509.95,918,ADX=39.3
2023-01-25,TARIL.NS,SELL,36.64,1,STOP
2023-01-27,CHENNPETRO.NS,BUY,241.95,949,ADX=30.1
2023-01-27,RECLTD.NS,SELL,115.15,2,RULE
2023-01-27,SWANENERGY.NS,SELL,338.64,677,STOP
2023-01-30,JINDALSAW.NS,BUY,61.6,2,ADX=25.6
2023-02-02,ANANDRATHI.NS,SELL,381.45,19198,RULE
2023-02-02,CHENNPETRO.NS,SELL,228.64,949,STOP
2023-02-02,PERSISTENT.NS,BUY,2412.2,3027,ADX=36.0
2023-02-02,PNCINFRA.NS,BUY,349.55,681,ADX=28.6
2023-02-06,GRAVITA.NS,SELL,481.9,918,STOP
2023-02-06,IDEA.NS,BUY,8.25,12,ADX=29.4
2023-02-06,JWL.NS,SELL,101.49,3,STOP
2023-02-06,KAYNES.NS,BUY,888.05,498,ADX=35.4
2023-02-06,NEWGEN.NS,BUY,223.45,3,ADX=31.1
2023-02-07,BAJFINANCE.NS,BUY,616.05,366,ADX=30.0
2023-02-07,NHPC.NS,SELL,40.2,25,RULE
2023-02-07,PNCINFRA.NS,SELL,330.32,681,STOP
2023-02-07,ZYDUSLIFE.NS,BUY,479.45,1,ADX=26.7
2023-02-08,IDEA.NS,SELL,7.8,12,STOP
2023-02-08,MOTHERSON.NS,BUY,53.83,1,ADX=18.5
2023-02-10,IGL.NS,BUY,221.05,1,ADX=16.2
2023-02-10,KAYNES.NS,SELL,839.21,498,STOP
2023-02-10,KPITTECH.NS,BUY,855.45,488,ADX=33.2
2023-02-10,ZENSARTECH.NS,BUY,262.4,1,ADX=32.5
2023-02-14,OIL.NS,BUY,171.87,1,ADX=23.7
2023-02-14,ZENSARTECH.NS,SELL,247.97,1,STOP
2023-02-21,USHAMART.NS,SELL,175.55,98,RULE
2023-02-21,ZENSARTECH.NS,BUY,293.45,58,ADX=42.2
2023-02-22,IRB.NS,BUY,34.05,14,ADX=15.6
2023-02-22,KAYNES.NS,BUY,952.75,414,ADX=36.2
2023-02-22,KPITTECH.NS,SELL,808.4,488,STOP
2023-02-22,OIL.NS,SELL,162.41,1,STOP
2023-02-23,GPPL.NS,BUY,104.7,4,ADX=26.9
2023-02-23,IRB.NS,SELL,32.18,14,STOP
2023-02-27,CRISIL.NS,BUY,3341.65,111,ADX=40.3
2023-02-27,KAYNES.NS,SELL,900.35,414,STOP
2023-02-27,OLECTRA.NS,BUY,536.15,4,ADX=26.4
2023-02-27,ZYDUSLIFE.NS,SELL,453.08,1,STOP
2023-02-28,BAJFINANCE.NS,SELL,611.21,366,RULE
2023-02-28,OLECTRA.NS,SELL,506.66,4,STOP
2023-02-28,TRITURBINE.NS,BUY,317.55,13,ADX=36.4
2023-02-28,ZFCVINDIA.NS,BUY,10551.3,21,ADX=45.2
2023-03-02,SONATSOFTW.NS,BUY,400.85,40,ADX=50.8
2023-03-02,ZENSARTECH.NS,SELL,277.31,58,STOP
2023-03-13,ADANIPOWER.NS,BUY,215.1,32081,ADX=37.3
2023-03-13,KAYNES.NS,BUY,970.3,113,ADX=31.1
2023-03-13,PERSISTENT.NS,SELL,2311.02,3027,RULE
2023-03-13,SONATSOFTW.NS,SELL,378.8,40,STOP
2023-03-14,IGL.NS,SELL,213.98,1,RULE
2023-03-14,SONATSOFTW.NS,BUY,417.3,503,ADX=52.5
2023-03-14,ZENTEC.NS,BUY,293.45,1,ADX=43.4
2023-03-14,ZFCVINDIA.NS,SELL,9970.98,21,STOP
2023-03-15,ADANIPOWER.NS,SELL,203.27,32081,STOP
2023-03-15,CHENNPETRO.NS,BUY,269.0,2,ADX=21.3
2023-03-15,CUMMINSIND.NS,BUY,1697.6,3841,ADX=40.9
2023-03-15,MOTHERSON.NS,SELL,50.87,1,STOP
2023-03-16,ADANIGREEN.NS,BUY,777.4,457,ADX=40.7
2023-03-16,CHENNPETRO.NS,SELL,254.2,2,STOP
2023-03-16,CRISIL.NS,SELL,3157.86,111,STOP
2023-03-16,TRITURBINE.NS,SELL,300.08,13,STOP
2023-03-16,ZENTEC.NS,SELL,277.31,1,STOP
2023-03-17,GMRAIRPORT.NS,BUY,42.7,2,ADX=19.6
2023-03-20,BPCL.NS,BUY,179.82,1103,ADX=30.4
2023-03-20,SONATSOFTW.NS,SELL,394.35,503,STOP
2023-03-21,GMRAIRPORT.NS,SELL,40.35,2,STOP
2023-03-24,JINDALSAW.NS,SELL,70.62,2,RULE
2023-03-24,MINDACORP.NS,BUY,210.7,1,ADX=16.8
2023-03-27,AUROPHARMA.NS,BUY,511.4,12049,ADX=28.5
2023-03-27,CUMMINSIND.NS,SELL,1604.23,3841,STOP
2023-03-28,BPCL.NS,SELL,169.93,1103,STOP
2023-03-28,MINDACORP.NS,SELL,199.11,1,STOP
2023-03-29,MANAPPURAM.NS,BUY,122.35,2,ADX=26.1
2023-03-29,ZENTEC.NS,BUY,320.3,585,ADX=42.6
2023-04-06,MSUMI.NS,BUY,34.03,1,ADX=29.4
2023-04-18,GPPL.NS,SELL,107.25,4,RULE
2023-04-18,JBMA.NS,BUY,392.67,1,ADX=48.6
2023-04-18,YESBANK.NS,BUY,16.65,2,ADX=26.5
2023-04-24,MAHSEAMLES.NS,BUY,425.6,416,ADX=44.9
2023-04-24,MOTHERSON.NS,BUY,47.23,1,ADX=26.9
2023-04-24,YESBANK.NS,SELL,15.73,2,STOP
2023-04-24,ZENTEC.NS,SELL,302.68,585,STOP
2023-04-25,IFCI.NS,BUY,11.0,1,ADX=17.8
2023-05-03,MANAPPURAM.NS,SELL,115.62,2,STOP
2023-05-03,RVNL.NS,BUY,130.1,1,ADX=53.9
2023-05-10,JBMA.NS,SELL,371.08,1,STOP
2023-05-10,RVNL.NS,SELL,122.94,1,STOP
2023-05-10,SONACOMS.NS,BUY,539.4,1,ADX=43.4
2023-05-15,ADANIGREEN.NS,SELL,868.7,457,RULE
2023-05-15,DEVYANI.NS,BUY,183.35,1,ADX=46.5
2023-05-15,HEG.NS,BUY,247.86,1601,ADX=66.9
2023-05-17,DEVYANI.NS,SELL,173.27,1,STOP
2023-05-17,GMDCLTD.NS,BUY,167.3,1,ADX=35.7
2023-05-23,CHOLAFIN.NS,BUY,1060.65,353,ADX=64.2
2023-05-23,HEG.NS,SELL,234.23,1601,STOP
2023-05-26,IFCI.NS,SELL,11.15,1,RULE
2023-05-26,SCHNEIDER.NS,BUY,236.8,2,ADX=48.3
2023-05-31,INTELLECT.NS,BUY,586.0,1,ADX=61.0
2023-05-31,SONACOMS.NS,SELL,509.73,1,STOP
2023-07-03,JWL.NS,BUY,181.35,1049,ADX=61.7
2023-07-03,MAHSEAMLES.NS,SELL,457.25,416,RULE
2023-07-10,JWL.NS,SELL,171.38,1049,STOP
2023-07-10,MAZDOCK.NS,BUY,723.58,248,ADX=68.7
2023-07-11,NEWGEN.NS,SELL,309.55,3,RULE
2023-07-11,PFC.NS,BUY,181.68,7,ADX=51.9
2023-07-26,ANANDRATHI.NS,BUY,550.4,1,ADX=67.7
2023-07-26,INTELLECT.NS,SELL,599.95,1,RULE
2023-08-02,CHOLAFIN.NS,SELL,1099.4,353,RULE
2023-08-02,ELECON.NS,BUY,396.7,1,ADX=52.9
2023-08-02,GMDCLTD.NS,SELL,168.55,1,RULE
2023-08-02,PTCIL.NS,BUY,4455.35,87,ADX=56.1
2023-09-11,BSE.NS,BUY,456.38,1,ADX=64.0
2023-09-11,ELECON.NS,SELL,404.35,1,RULE
2023-09-12,BSE.NS,SELL,431.28,1,STOP
2023-09-12,ITI.NS,BUY,167.25,4,ADX=44.8
2023-09-13,ITI.NS,SELL,158.05,4,STOP
2023-09-13,J&KBANK.NS,BUY,105.15,6,ADX=57.5
2023-09-25,PNB.NS,BUY,80.2,5880,ADX=46.6
2023-09-25,PTCIL.NS,SELL,5420.2,87,RULE
2023-09-28,MOTHERSON.NS,SELL,63.67,1,RULE
2023-09-29,HUDCO.NS,BUY,91.8,1,ADX=36.3
2023-10-04,HUDCO.NS,SELL,86.75,1,STOP
2023-10-04,SUZLON.NS,BUY,28.1,4,ADX=42.8
2023-10-05,MSUMI.NS,SELL,41.3,1,RULE
2023-10-09,ITI.NS,BUY,215.0,2072,ADX=52.2
2023-10-09,PCBL.NS,BUY,199.2,1,ADX=33.2
2023-10-09,PNB.NS,SELL,75.79,5880,STOP
2023-10-10,SUZLON.NS,SELL,26.55,4,STOP
2023-10-12,NMDC.NS,BUY,53.0,2,ADX=35.6
2023-10-20,AUROPHARMA.NS,SELL,866.2,12049,RULE
2023-10-20,BSE.NS,BUY,529.27,19719,ADX=46.1
2023-10-23,BBTC.NS,BUY,1427.5,169,ADX=34.2
2023-10-23,J&KBANK.NS,SELL,99.37,6,STOP
2023-10-23,MAZDOCK.NS,SELL,967.78,248,RULE
2023-10-23,PCBL.NS,SELL,188.24,1,STOP
2023-10-23,SCHNEIDER.NS,SELL,312.35,2,RULE
2023-10-25,ASTERDM.NS,BUY,356.9,639,ADX=30.4
2023-10-25,BBTC.NS,SELL,1348.99,169,STOP
2023-10-25,WELSPUNLIV.NS,BUY,142.2,2,ADX=23.3
2023-10-26,ASTERDM.NS,SELL,337.27,639,STOP
2023-10-26,KAYNES.NS,SELL,2291.55,113,RULE
2023-10-26,NMDC.NS,SELL,50.09,2,STOP
2023-10-26,PFC.NS,SELL,230.35,7,RULE
2023-10-26,WELSPUNLIV.NS,SELL,134.38,2,STOP
2023-10-27,ANGELONE.NS,BUY,2535.8,187,ADX=50.0
2023-10-27,SWANENERGY.NS,BUY,369.2,6,ADX=42.4
2023-11-01,IDEA.NS,BUY,12.8,5,ADX=33.7
2023-11-02,JPPOWER.NS,BUY,10.4,1,ADX=18.2
2023-12-20,JPPOWER.NS,SELL,12.95,1,RULE
2024-01-01,BSE.NS,SELL,734.35,19719,RULE
2024-01-01,CESC.NS,BUY,136.85,1,ADX=49.0
2024-01-01,FORTIS.NS,BUY,439.6,1,ADX=54.7
2024-01-01,INOXWIND.NS,BUY,131.09,109515,ADX=72.9
2024-01-01,SIGNATURE.NS,BUY,918.55,135,ADX=68.7
2024-01-02,YESBANK.NS,BUY,23.2,1,ADX=36.9
2024-01-08,INOXWIND.NS,SELL,123.88,109515,STOP
2024-01-08,JBMA.NS,BUY,942.28,14397,ADX=57.7
2024-01-10,DLF.NS,BUY,796.05,1,ADX=49.0
2024-01-10,FORTIS.NS,SELL,415.42,1,STOP
2024-01-15,JBMA.NS,SELL,890.45,14397,STOP
2024-01-15,MRF.NS,BUY,135951.16,94,ADX=51.4
2024-01-16,ANGELONE.NS,SELL,3329.9,187,RULE
2024-01-16,GUJGASLTD.NS,BUY,556.05,1192,ADX=53.2
2024-01-23,CESC.NS,SELL,129.32,1,STOP
2024-01-23,DLF.NS,SELL,752.27,1,STOP
2024-01-23,IDEA.NS,SELL,14.4,5,RULE
2024-01-23,IRFC.NS,BUY,161.3,8,ADX=53.5
2024-01-23,NHPC.NS,BUY,75.95,1,ADX=43.0
2024-01-24,IFCI.NS,BUY,48.0,2,ADX=41.7
2024-01-24,IREDA.NS,BUY,161.75,7,ADX=52.4
2024-01-24,IRFC.NS,SELL,152.43,8,STOP
2024-02-05,JPPOWER.NS,BUY,19.9,1,ADX=32.5
2024-02-05,YESBANK.NS,SELL,22.8,1,RULE
2024-02-12,ITI.NS,SELL,281.25,2072,RULE
2024-02-12,MEDANTA.NS,BUY,1346.5,432,ADX=52.3
2024-02-14,GUJGASLTD.NS,SELL,525.47,1192,STOP
2024-02-14,OFSS.NS,BUY,7765.85,80,ADX=70.6
2024-02-23,IFCI.NS,SELL,46.85,2,RULE
2024-02-23,SUNPHARMA.NS,BUY,1561.25,4,ADX=62.0
2024-02-26,IREDA.NS,SELL,152.85,7,STOP
2024-02-26,ZYDUSLIFE.NS,BUY,942.55,1,ADX=55.0
2024-02-27,JPPOWER.NS,SELL,18.81,1,STOP
2024-03-04,MEDANTA.NS,SELL,1272.44,432,STOP
2024-03-04,RELIANCE.NS,BUY,1507.4,1,ADX=46.6
2024-03-04,TATAINVEST.NS,BUY,8428.4,65,ADX=57.2
2024-03-11,KPIL.NS,BUY,1107.45,4,ADX=58.4
2024-03-11,SWANENERGY.NS,SELL,669.85,6,RULE
2024-03-12,JIOFIN.NS,BUY,361.85,36960,ADX=52.4
2024-03-12,MRF.NS,SELL,142276.66,94,RULE
2024-03-13,ITC.NS,BUY,422.45,30122,ADX=35.8
2024-03-13,JIOFIN.NS,SELL,341.95,36960,STOP
2024-03-13,KPIL.NS,SELL,1046.54,4,STOP
2024-03-13,NHPC.NS,SELL,78.15,1,RULE
2024-03-13,RELIANCE.NS,SELL,1432.18,1,RULE
2024-03-13,SIGNATURE.NS,SELL,1171.85,135,RULE
2024-03-14,SOLARINDS.NS,BUY,8144.85,73,ADX=25.4
2024-03-14,TATAINVEST.NS,SELL,7964.84,65,STOP
2024-03-15,HEG.NS,BUY,376.43,1,ADX=18.0
2024-03-19,ITC.NS,SELL,409.55,30122,RULE
2024-03-20,HEG.NS,SELL,355.73,1,STOP
2024-03-20,MARUTI.NS,BUY,11941.15,1033,ADX=29.1
2024-03-20,SAPPHIRE.NS,BUY,310.65,5,ADX=26.6
2024-03-22,RPOWER.NS,BUY,26.3,8,ADX=36.4
2024-04-02,ANANDRATHI.NS,SELL,1724.43,1,RULE
2024-04-02,RAMCOCEM.NS,BUY,860.5,2,ADX=38.0
2024-04-04,CESC.NS,BUY,137.65,1,ADX=26.9
2024-04-04,RHIM.NS,BUY,610.15,2,ADX=37.4
2024-04-04,SAPPHIRE.NS,SELL,293.56,5,STOP
2024-04-05,JPPOWER.NS,BUY,19.35,5,ADX=29.1
2024-04-09,JPPOWER.NS,SELL,18.29,5,STOP
2024-04-10,NMDC.NS,BUY,80.37,1,ADX=23.2
2024-04-12,NUVAMA.NS,BUY,5414.55,1,ADX=41.5
2024-04-12,SUNPHARMA.NS,SELL,1540.0,4,RULE
2024-04-15,OFSS.NS,SELL,8057.55,80,RULE
2024-04-15,RAMCOCEM.NS,SELL,813.17,2,STOP
2024-04-15,RPOWER.NS,SELL,26.05,8,RULE
2024-04-15,TARIL.NS,BUY,287.02,10,ADX=41.8
2024-04-15,THERMAX.NS,BUY,4709.05,137,ADX=52.3
2024-04-15,ZYDUSLIFE.NS,SELL,935.15,1,RULE
2024-04-16,MOTHERSON.NS,BUY,82.83,1,ADX=22.6
2024-04-23,IDEA.NS,BUY,14.4,3,ADX=15.6
2024-04-24,IDEA.NS,SELL,13.61,3,STOP
2024-04-24,RCF.NS,BUY,152.0,1,ADX=21.3
2024-04-24,THERMAX.NS,SELL,4450.05,137,STOP
2024-04-24,VOLTAS.NS,BUY,1414.15,431,ADX=46.3
2024-05-07,RCF.NS,SELL,143.64,1,STOP
2024-05-08,CROMPTON.NS,BUY,340.0,8,ADX=42.9
2024-05-08,ESCORTS.NS,BUY,3538.4,162,ADX=48.4
2024-05-08,VOLTAS.NS,SELL,1336.37,431,STOP
2024-05-09,NUVAMA.NS,SELL,5116.75,1,STOP
2024-05-09,RHIM.NS,SELL,595.25,2,RULE
2024-05-09,TIMKEN.NS,BUY,3457.55,1,ADX=47.8
2024-05-09,VIJAYA.NS,BUY,730.25,4,ADX=23.8
2024-05-13,CROMPTON.NS,SELL,321.3,8,STOP
2024-05-13,HINDZINC.NS,BUY,579.1,4,ADX=66.4
2024-05-15,HINDZINC.NS,SELL,547.25,4,STOP
2024-05-15,SIEMENS.NS,BUY,7119.3,86,ADX=55.9
2024-05-15,SOLARINDS.NS,SELL,8355.4,73,RULE
2024-05-16,ASHOKLEY.NS,BUY,103.32,2,ADX=31.7
2024-05-30,NMDC.NS,SELL,83.15,1,RULE
2024-05-31,JWL.NS,BUY,602.2,21191,ADX=50.0
2024-05-31,MARUTI.NS,SELL,12399.3,1033,RULE
2024-05-31,TECHNOE.NS,BUY,1418.35,33,ADX=47.2
2024-06-04,ASHOKLEY.NS,SELL,97.64,2,STOP
2024-06-04,BRITANNIA.NS,BUY,5325.1,101,ADX=19.8
2024-06-04,CESC.NS,SELL,130.08,1,STOP
2024-06-04,HINDUNILVR.NS,BUY,2496.3,4847,ADX=25.9
2024-06-04,JWL.NS,SELL,569.08,21191,STOP
2024-06-04,SIEMENS.NS,SELL,6727.74,86,STOP
2024-06-05,JUBLFOOD.NS,BUY,530.6,1,ADX=39.4
2024-06-05,M&M.NS,BUY,2740.95,16,ADX=50.1
2024-06-05,MARICO.NS,BUY,645.5,2,ADX=48.4
2024-06-05,TECHNOE.NS,SELL,1340.34,33,STOP
2024-06-13,CROMPTON.NS,BUY,425.05,2,ADX=43.3
2024-06-13,MARICO.NS,SELL,610.0,2,STOP
2024-06-24,NAVA.NS,BUY,375.77,9,ADX=36.6
2024-06-24,VIJAYA.NS,SELL,764.1,4,RULE
2024-07-05,KIRLOSBROS.NS,BUY,2603.15,1,ADX=56.8
2024-07-05,NAVA.NS,SELL,355.11,9,STOP
2024-07-08,KIRLOSBROS.NS,SELL,2459.98,1,STOP
2024-07-08,RCF.NS,BUY,228.39,13,ADX=35.9
2024-07-10,HSCL.NS,BUY,432.85,107,ADX=33.6
2024-07-10,M&M.NS,SELL,2732.0,16,RULE
2024-07-10,POWERGRID.NS,BUY,346.05,1,ADX=25.3
2024-07-10,RCF.NS,SELL,215.83,13,STOP
2024-07-11,ESCORTS.NS,SELL,3988.35,162,RULE
2024-07-11,SUNTV.NS,BUY,811.75,801,ADX=43.3
2024-07-11,TIMKEN.NS,SELL,4081.35,1,RULE
2024-07-19,HSCL.NS,SELL,409.04,107,STOP
2024-07-19,INFY.NS,BUY,1792.95,26,ADX=51.5
2024-07-19,ITC.NS,BUY,474.55,1,ADX=32.8
2024-07-19,TARIL.NS,SELL,357.75,10,RULE
2024-07-19,TTML.NS,BUY,102.14,2,ADX=21.2
2024-07-23,FEDERALBNK.NS,BUY,197.96,1,ADX=28.1
2024-07-23,KALYANKJIL.NS,BUY,552.75,1112,ADX=52.0
2024-07-23,POWERGRID.NS,SELL,327.02,1,STOP
2024-07-23,SUNTV.NS,SELL,767.1,801,STOP
2024-07-23,SUZLON.NS,BUY,57.83,2,ADX=23.1
2024-07-23,TTML.NS,SELL,96.52,2,STOP
2024-08-05,KALYANKJIL.NS,SELL,522.35,1112,STOP
2024-08-05,LALPATHLAB.NS,BUY,3160.15,183,ADX=45.2
2024-08-05,MOTHERSON.NS,SELL,117.01,1,RULE
2024-08-05,PCBL.NS,BUY,384.35,7,ADX=29.4
2024-08-06,CROMPTON.NS,SELL,416.5,2,RULE
2024-08-06,HSCL.NS,BUY,475.25,1,ADX=31.9
2024-08-12,BRITANNIA.NS,SELL,5645.75,101,RULE
2024-08-12,GRANULES.NS,BUY,689.1,828,ADX=49.4
2024-08-14,HSCL.NS,SELL,449.11,1,STOP
2024-08-14,SARDAEN.NS,BUY,326.45,1,ADX=27.6
2024-08-30,FEDERALBNK.NS,SELL,194.7,1,RULE
2024-09-02,PPLPHARMA.NS,BUY,194.97,1,ADX=43.9
2024-09-12,GRANULES.NS,SELL,651.2,828,STOP
2024-09-12,KIMS.NS,BUY,547.18,985,ADX=62.2
2024-09-18,LALPATHLAB.NS,SELL,3236.25,183,RULE
2024-09-18,NAVA.NS,BUY,658.1,900,ADX=57.8
2024-09-19,CAMPUS.NS,BUY,350.35,1598,ADX=39.6
2024-09-19,NAVA.NS,SELL,621.9,900,STOP
2024-10-03,CAMPUS.NS,SELL,331.08,1598,STOP
2024-10-03,JUBLFOOD.NS,SELL,635.15,1,RULE
2024-10-03,RPOWER.NS,BUY,53.64,9881,ADX=40.9
2024-10-03,SUZLON.NS,SELL,75.75,2,RULE
2024-10-04,HINDUNILVR.NS,SELL,2848.75,4847,RULE
2024-10-04,ITC.NS,SELL,503.55,1,RULE
2024-10-04,LALPATHLAB.NS,BUY,3495.3,3877,ADX=28.8
2024-10-04,WHIRLPOOL.NS,BUY,2362.6,108,ADX=25.7
2024-10-07,RPOWER.NS,SELL,50.69,9881,STOP
2024-10-07,RRKABEL.NS,BUY,1772.3,283,ADX=35.4
2024-10-09,EXIDEIND.NS,BUY,519.35,2,ADX=22.6
2024-10-09,JPPOWER.NS,BUY,22.13,10,ADX=16.7
2024-10-16,AMBER.NS,BUY,5491.65,2331,ADX=43.0
2024-10-16,ELECON.NS,BUY,731.25,7,ADX=32.1
2024-10-16,JPPOWER.NS,SELL,20.91,10,STOP
2024-10-16,LALPATHLAB.NS,SELL,3303.06,3877,STOP
2024-10-17,PCBL.NS,SELL,480.8,7,RULE
2024-10-18,ELECON.NS,SELL,691.03,7,STOP
2024-10-18,EXIDEIND.NS,SELL,490.79,2,STOP
2024-10-18,FINPIPE.NS,BUY,326.05,2,ADX=25.2
2024-10-18,INFY.NS,SELL,1879.6,26,RULE
2024-10-18,MOTILALOFS.NS,BUY,1029.7,516,ADX=31.0
2024-10-18,RRKABEL.NS,SELL,1674.82,283,STOP
2024-10-21,AIIL.NS,BUY,1867.85,2,ADX=24.0
2024-10-21,MCX.NS,BUY,6629.0,75,ADX=58.7
2024-10-21,MOTILALOFS.NS,SELL,973.07,516,STOP
2024-10-22,AIIL.NS,SELL,1765.12,2,STOP
2024-10-22,FINPIPE.NS,SELL,308.12,2,STOP
2024-10-22,KIMS.NS,SELL,526.25,985,RULE
2024-10-22,PPLPHARMA.NS,SELL,215.11,1,RULE
2024-10-23,TIINDIA.NS,BUY,4634.95,113,ADX=25.8
2024-10-24,ASTERDM.NS,BUY,443.45,2,ADX=29.6
2024-10-24,COFORGE.NS,BUY,1539.81,156,ADX=32.5
2024-10-24,PPLPHARMA.NS,BUY,255.84,1,ADX=21.2
2024-10-24,WHIRLPOOL.NS,SELL,2232.66,108,STOP
2024-10-25,PPLPHARMA.NS,SELL,241.77,1,STOP
2024-10-29,CUB.NS,BUY,176.92,1,ADX=32.6
2024-10-30,CGCL.NS,BUY,210.68,7,ADX=28.6
2024-10-30,MCX.NS,SELL,6264.4,75,STOP
2024-10-30,POLYMED.NS,BUY,2790.45,168,ADX=47.7
2024-10-30,SARDAEN.NS,SELL,437.4,1,RULE
2024-10-31,CRISIL.NS,BUY,5474.75,90,ADX=42.8
2024-10-31,RAINBOW.NS,BUY,1614.2,1,ADX=37.2
2024-10-31,REDINGTON.NS,BUY,194.46,3,ADX=35.9
2024-10-31,TIINDIA.NS,SELL,4380.03,113,STOP
2024-11-01,RTNINDIA.NS,BUY,75.54,1,ADX=32.0
2024-11-05,RTNINDIA.NS,SELL,71.39,1,STOP
2024-11-06,IFCI.NS,BUY,65.22,1,ADX=29.3
2024-11-08,IFCI.NS,SELL,61.63,1,STOP
2024-11-12,CGCL.NS,SELL,199.09,7,STOP
2024-11-12,RAMCOCEM.NS,BUY,910.0,1,ADX=17.6
2024-11-13,POLYMED.NS,SELL,2636.98,168,STOP
2024-11-13,REDINGTON.NS,SELL,183.76,3,STOP
2024-11-14,CRISIL.NS,SELL,5173.64,90,STOP
2024-11-14,JSWHL.NS,BUY,19420.2,46,ADX=54.6
2024-11-18,AEGISLOG.NS,BUY,842.9,19,ADX=21.0
2024-11-19,JSWHL.NS,SELL,18352.09,46,STOP
2024-11-19,SAMMAANCAP.NS,BUY,150.63,5607,ADX=30.7
2024-11-21,AEGISLOG.NS,SELL,796.54,19,STOP
2024-11-21,CUB.NS,SELL,167.19,1,STOP
2024-11-21,FORTIS.NS,BUY,680.7,1,ADX=19.3
2024-11-21,RAINBOW.NS,SELL,1525.42,1,STOP
2024-11-21,VIJAYA.NS,BUY,1147.9,14,ADX=29.8
2024-11-26,TTML.NS,BUY,80.59,1,ADX=29.4
2024-11-27,ENGINERSIN.NS,BUY,201.85,3,ADX=35.7
2024-11-27,FORTIS.NS,SELL,643.26,1,STOP
2024-12-02,IRB.NS,BUY,54.82,1,ADX=31.3
2024-12-05,AMBER.NS,SELL,5819.4,2331,RULE
2024-12-05,INDHOTEL.NS,BUY,820.1,16374,ADX=36.6
2024-12-05,LAURUSLABS.NS,BUY,588.35,232,ADX=36.5
2024-12-09,ITI.NS,BUY,368.1,350,ADX=37.1
2024-12-09,LAURUSLABS.NS,SELL,555.99,232,STOP
2024-12-12,CHALET.NS,BUY,1017.0,135,ADX=38.7
2024-12-12,ITI.NS,SELL,347.85,350,STOP
2024-12-12,VIJAYA.NS,SELL,1084.77,14,STOP
2024-12-13,CHALET.NS,SELL,961.06,135,STOP
2024-12-13,MANAPPURAM.NS,BUY,182.06,2,ADX=29.1
2024-12-13,PGEL.NS,BUY,916.55,141,ADX=42.9
2024-12-18,ENGINERSIN.NS,SELL,192.94,3,RULE
2024-12-18,LEMONTREE.NS,BUY,154.79,4,ADX=43.0
2024-12-19,DBREALTY.NS,BUY,190.25,1,ADX=22.7
2024-12-19,KFINTECH.NS,BUY,1429.05,605,ADX=45.6
2024-12-19,MANAPPURAM.NS,SELL,172.05,2,STOP
2024-12-19,SAMMAANCAP.NS,SELL,154.15,5607,RULE
2024-12-23,DBREALTY.NS,SELL,179.79,1,STOP
2024-12-23,DEVYANI.NS,BUY,177.3,2,ADX=19.5
2024-12-23,INTELLECT.NS,BUY,962.05,849,ADX=33.5
2024-12-23,KFINTECH.NS,SELL,1350.45,605,STOP
2024-12-23,SAGILITY.NS,BUY,46.6,3,ADX=17.9
2024-12-23,TTML.NS,SELL,76.16,1,STOP
2024-12-24,INTELLECT.NS,SELL,909.14,849,STOP
2024-12-24,LLOYDSME.NS,BUY,1189.15,649,ADX=41.6
2024-12-27,FIVESTAR.NS,BUY,797.85,1,ADX=35.8
2024-12-27,RAMCOCEM.NS,SELL,965.75,1,RULE
2024-12-30,FIVESTAR.NS,SELL,753.97,1,STOP
2024-12-30,INDIACEM.NS,BUY,380.45,2,ADX=27.2
2025-01-08,KIMS.NS,BUY,660.9,1,ADX=39.8
2025-01-08,LEMONTREE.NS,SELL,146.28,4,STOP
2025-01-09,HINDUNILVR.NS,BUY,2435.4,5532,ADX=30.5
2025-01-09,INDHOTEL.NS,SELL,822.85,16374,RULE
2025-01-10,HCLTECH.NS,BUY,1995.1,62,ADX=25.3
2025-01-10,IRB.NS,SELL,52.91,1,RULE
2025-01-10,PGEL.NS,SELL,881.85,141,RULE
2025-01-10,UNOMINDA.NS,BUY,1097.65,1,ADX=21.5
2025-01-13,ASTERDM.NS,SELL,491.05,2,RULE
2025-01-13,COFORGE.NS,SELL,1741.11,156,RULE
2025-01-13,KIMS.NS,SELL,624.55,1,STOP
2025-01-13,UNOMINDA.NS,SELL,1037.28,1,STOP
2025-01-14,HCLTECH.NS,SELL,1885.37,62,STOP
2025-01-14,HINDUNILVR.NS,SELL,2367.95,5532,RULE
2025-01-14,SBILIFE.NS,BUY,1499.25,8739,ADX=30.3
2025-01-15,IDEA.NS,BUY,8.76,2,ADX=16.4
2025-01-15,MINDACORP.NS,BUY,568.25,2,ADX=19.5
2025-01-15,NEWGEN.NS,BUY,1755.9,221,ADX=42.9
2025-01-16,AARTIIND.NS,BUY,438.75,1,ADX=29.0
2025-01-16,HDFCLIFE.NS,BUY,641.4,571,ADX=51.7
2025-01-16,NEWGEN.NS,SELL,1659.33,221,STOP
2025-01-21,BERGEPAINT.NS,BUY,475.2,1,ADX=25.4
2025-01-21,INDIACEM.NS,SELL,359.53,2,STOP
2025-01-21,LTF.NS,BUY,146.07,1,ADX=16.3
2025-01-22,LTF.NS,SELL,138.04,1,STOP
2025-01-23,KARURVYSYA.NS,BUY,194.5,1,ADX=19.6
2025-01-24,CGCL.NS,BUY,200.6,2,ADX=26.8
2025-01-24,DEVYANI.NS,SELL,171.22,2,RULE
2025-01-27,AARTIIND.NS,SELL,418.85,1,RULE
2025-01-27,BRITANNIA.NS,BUY,5176.25,2383,ADX=21.8
2025-01-27,CGCL.NS,SELL,189.57,2,STOP
2025-01-27,HDFCLIFE.NS,SELL,610.2,571,RULE
2025-01-27,KARURVYSYA.NS,SELL,183.8,1,STOP
2025-01-27,SBILIFE.NS,SELL,1416.79,8739,STOP
2025-01-28,BAJFINANCE.NS,BUY,760.66,1572,ADX=27.4
2025-01-28,BANKINDIA.NS,BUY,109.51,5,ADX=19.1
2025-01-28,LLOYDSME.NS,SELL,1231.7,649,RULE
2025-01-28,MINDACORP.NS,SELL,537.0,2,STOP
2025-01-28,SAGILITY.NS,SELL,44.04,3,STOP
2025-01-29,BERGEPAINT.NS,SELL,458.8,1,RULE
2025-01-31,APTUS.NS,BUY,303.0,1,ADX=27.4
2025-01-31,NBCC.NS,BUY,99.83,1,ADX=23.5
2025-02-01,NBCC.NS,SELL,94.34,1,STOP
2025-02-03,BANKINDIA.NS,SELL,103.49,5,STOP
2025-02-03,UPL.NS,BUY,630.25,1,ADX=29.0
2025-02-05,YESBANK.NS,BUY,19.42,3,ADX=17.5
2025-02-07,BRITANNIA.NS,SELL,4891.56,2383,STOP
2025-02-07,SAILIFE.NS,BUY,750.6,3,ADX=28.1
2025-02-07,TATASTEEL.NS,BUY,138.31,1,ADX=23.2
2025-02-07,ZFCVINDIA.NS,BUY,11867.7,982,ADX=41.7
2025-02-10,REDINGTON.NS,BUY,241.96,4,ADX=21.2
2025-02-10,SAILIFE.NS,SELL,709.32,3,STOP
2025-02-10,SIGNATURE.NS,BUY,1325.95,1,ADX=21.3
2025-02-10,YESBANK.NS,SELL,18.59,3,RULE
2025-02-11,REDINGTON.NS,SELL,228.65,4,STOP
2025-02-11,TATASTEEL.NS,SELL,130.7,1,STOP
2025-02-11,ZFCVINDIA.NS,SELL,11214.98,982,STOP
2025-02-12,IDEA.NS,SELL,8.28,2,STOP
2025-02-12,SIGNATURE.NS,SELL,1253.02,1,STOP
2025-02-12,UPL.NS,SELL,595.59,1,STOP
2025-02-13,KOTAKBANK.NS,BUY,1972.8,5583,ADX=26.4
2025-02-13,SBICARD.NS,BUY,859.85,2,ADX=25.9
2025-02-19,ASHOKLEY.NS,BUY,112.71,1,ADX=15.8
2025-02-28,ASHOKLEY.NS,SELL,106.51,1,STOP
2025-03-05,TATASTEEL.NS,BUY,146.1,1,ADX=20.5
2025-03-13,APTUS.NS,SELL,296.1,1,RULE
2025-03-19,FEDERALBNK.NS,BUY,186.19,1,ADX=32.0
2025-03-19,GMRAIRPORT.NS,BUY,76.68,1,ADX=16.7
2025-03-21,MSUMI.NS,BUY,36.15,1,ADX=25.5
2025-04-01,IDEA.NS,BUY,8.1,5,ADX=19.6
2025-04-01,MSUMI.NS,SELL,34.16,1,STOP
2025-04-04,TATASTEEL.NS,SELL,140.39,1,RULE
2025-04-07,IDEA.NS,SELL,7.65,5,STOP
2025-04-07,SBICARD.NS,SELL,812.56,2,STOP
2025-04-08,AWL.NS,BUY,275.45,1,ADX=15.5
2025-04-08,RAINBOW.NS,BUY,1479.65,1,ADX=33.7
2025-04-21,YESBANK.NS,BUY,18.82,2,ADX=16.8
2025-04-25,DELHIVERY.NS,BUY,304.9,4,ADX=25.2
2025-04-25,RAINBOW.NS,SELL,1398.27,1,STOP
2025-04-25,YESBANK.NS,SELL,17.78,2,STOP
2025-04-28,RBLBANK.NS,BUY,207.1,1,ADX=32.1
2025-04-30,BAJFINANCE.NS,SELL,863.45,1572,RULE
2025-04-30,MRF.NS,BUY,134505.0,10,ADX=41.1
2025-04-30,SBILIFE.NS,BUY,1765.8,6,ADX=33.4
2025-04-30,SONATSOFTW.NS,BUY,421.55,4,ADX=29.4
2025-05-02,FEDERALBNK.NS,SELL,189.52,1,RULE
2025-05-02,VMM.NS,BUY,120.24,1,ADX=15.0
2025-05-05,GODFRYPHLP.NS,BUY,8806.5,1321,ADX=45.5
2025-05-05,KOTAKBANK.NS,SELL,2084.9,5583,RULE
2025-05-05,RELIANCE.NS,BUY,1431.3,4,ADX=29.2
2025-05-06,AWL.NS,SELL,260.3,1,STOP
2025-05-06,ELECON.NS,BUY,593.6,4,ADX=31.9
2025-05-06,SONATSOFTW.NS,SELL,398.36,4,STOP
2025-05-07,CEATLTD.NS,BUY,3631.0,3027,ADX=35.1
2025-05-07,DEVYANI.NS,BUY,183.04,1,ADX=23.0
2025-05-07,GODFRYPHLP.NS,SELL,8322.14,1321,STOP
2025-05-07,MARICO.NS,BUY,736.35,4,ADX=30.3
2025-05-07,RBLBANK.NS,SELL,195.71,1,STOP
2025-05-08,DEVYANI.NS,SELL,172.97,1,STOP
2025-05-09,YESBANK.NS,BUY,20.02,11,ADX=19.3
2025-05-22,GRSE.NS,BUY,2756.2,1,ADX=39.5
2025-05-22,MARICO.NS,SELL,695.85,4,STOP
2025-05-30,GMRAIRPORT.NS,SELL,84.08,1,RULE
2025-05-30,MMTC.NS,BUY,85.77,1,ADX=40.6
2025-06-02,IDBI.NS,BUY,101.27,1,ADX=39.7
2025-06-02,MMTC.NS,SELL,81.05,1,STOP
2025-06-12,YESBANK.NS,SELL,20.42,11,RULE
2025-06-13,DBREALTY.NS,BUY,239.93,1,ADX=52.7
2025-06-13,IDBI.NS,SELL,95.7,1,STOP
2025-06-17,ABCAPITAL.NS,BUY,255.11,12,ADX=40.2
2025-06-17,CEATLTD.NS,SELL,3594.0,3027,RULE
2025-06-17,DBREALTY.NS,SELL,226.73,1,STOP
2025-06-17,SOLARINDS.NS,BUY,17155.0,634,ADX=43.0
2025-06-17,VMM.NS,SELL,113.63,1,STOP
2025-06-18,AUBANK.NS,BUY,794.5,3,ADX=44.0
2025-06-18,ELECON.NS,SELL,638.95,4,RULE
2025-06-20,BEL.NS,BUY,408.25,6,ADX=40.3
2025-06-20,MCX.NS,BUY,8085.0,166,ADX=42.0
2025-06-20,MRF.NS,SELL,134430.0,10,RULE
2025-06-27,IDEA.NS,BUY,7.38,6,ADX=17.4
2025-07-08,GRSE.NS,SELL,2833.9,1,RULE
2025-07-08,JMFINANCIL.NS,BUY,170.67,16,ADX=52.2
2025-07-10,GLENMARK.NS,BUY,1904.0,5398,ADX=50.5
2025-07-10,SOLARINDS.NS,SELL,16211.47,634,STOP
2025-07-18,BEL.NS,SELL,394.75,6,RULE
2025-07-18,IIFL.NS,BUY,532.95,25,ADX=46.6
2025-07-18,SBILIFE.NS,SELL,1788.4,6,RULE
2025-07-21,AMBUJACEM.NS,BUY,613.25,1,ADX=26.5
2025-07-21,AUBANK.NS,SELL,750.8,3,STOP
2025-07-21,KAJARIACER.NS,BUY,1253.1,6,ADX=57.7
2025-07-21,RELIANCE.NS,SELL,1428.6,4,RULE
2025-07-24,ETERNAL.NS,BUY,313.15,1,ADX=39.8
2025-07-24,KAJARIACER.NS,SELL,1184.18,6,STOP
2025-07-24,LAURUSLABS.NS,BUY,836.5,8,ADX=59.4
2025-07-25,ABCAPITAL.NS,SELL,260.35,12,RULE
2025-07-25,SHYAMMETL.NS,BUY,969.0,3,ADX=23.8
2025-07-28,IDEA.NS,SELL,7.13,6,RULE
2025-07-28,IIFL.NS,SELL,503.64,25,STOP
2025-07-28,MCX.NS,SELL,7731.5,166,RULE
2025-07-28,SYRMA.NS,BUY,746.35,1736,ADX=53.8
2025-07-29,GLAND.NS,BUY,2102.1,1,ADX=52.4
2025-07-29,JMFINANCIL.NS,SELL,161.28,16,STOP
2025-07-29,VBL.NS,BUY,512.15,2,ADX=22.8
2025-07-31,SAGILITY.NS,BUY,46.62,3,ADX=25.0
2025-08-01,GLAND.NS,SELL,1986.48,1,STOP
2025-08-01,JSL.NS,BUY,706.05,2,ADX=17.4
2025-08-04,SAGILITY.NS,SELL,44.06,3,STOP
2025-08-04,TARIL.NS,BUY,558.9,1,ADX=19.3
2025-08-06,CUMMINSIND.NS,BUY,3635.7,2,ADX=28.6
2025-08-06,ETERNAL.NS,SELL,295.93,1,STOP
2025-08-06,GODFRYPHLP.NS,BUY,10854.5,112,ADX=30.9
2025-08-06,SARDAEN.NS,BUY,581.75,4,ADX=22.4
2025-08-06,SYRMA.NS,SELL,705.3,1736,STOP
2025-08-06,TARIL.NS,SELL,528.16,1,STOP
2025-08-07,FORTIS.NS,BUY,884.0,1299,ADX=38.6
2025-08-07,GODFRYPHLP.NS,SELL,10257.5,112,STOP
2025-08-08,AMBUJACEM.NS,SELL,579.52,1,STOP
2025-08-08,KAJARIACER.NS,BUY,1308.5,2,ADX=40.4
2025-08-08,SARDAEN.NS,SELL,549.75,4,STOP
2025-08-11,HBLENGINE.NS,BUY,683.95,1,ADX=16.8
2025-08-18,GLENMARK.NS,SELL,1973.9,5398,RULE
2025-08-18,METROPOLIS.NS,BUY,2167.3,4916,ADX=47.2
2025-08-26,KAJARIACER.NS,SELL,1236.53,2,STOP
2025-08-26,TCS.NS,BUY,3157.2,1,ADX=35.1
2025-08-28,SHYAMMETL.NS,SELL,915.7,3,STOP
2025-08-28,UNOMINDA.NS,BUY,1295.6,2,ADX=37.4
2025-08-29,GRANULES.NS,BUY,492.25,2,ADX=17.8
2025-08-29,VBL.NS,SELL,483.98,2,STOP
